file,cls,mode,method,acc,dice,iou,prec,rec
normal_normal_84.png,normal,oracle,Watershed,1.0,1.0,1.0,1.0,1.0
normal_normal_84.png,normal,oracle,Otsu,1.0,1.0,1.0,1.0,1.0
normal_normal_84.png,normal,oracle,RegionGrowing,1.0,1.0,1.0,1.0,1.0
normal_normal_84.png,normal,auto,Watershed,0.4175872802733738,0.0,0.0,0.0,0.0
normal_normal_84.png,normal,auto,Otsu,0.6585693359373995,0.0,0.0,0.0,0.0
normal_normal_84.png,normal,auto,RegionGrowing,0.8868865966795522,0.0,0.0,0.0,0.0
benign_benign_290.png,benign,oracle,Watershed,0.8968811035154882,0.7035184697724386,0.5426367081750523,0.567485313893009,0.925331794574812
benign_benign_290.png,benign,oracle,Otsu,0.8743286132811167,0.6284399530810122,0.4581935398983894,0.5158877120209496,0.8038084246961295
benign_benign_290.png,benign,oracle,RegionGrowing,0.9070739746092367,0.4905470972055458,0.3249833739743682,0.8914563697145289,0.33837276399268507
benign_benign_290.png,benign,auto,Watershed,0.13221740722654232,0.2335548038435825,0.13221740722654232,0.13221740722654232,0.9999999999988458
benign_benign_290.png,benign,auto,Otsu,0.4596862792968049,0.2723274834572619,0.15762679607951338,0.16566242468180972,0.7646855164445877
benign_benign_290.png,benign,auto,RegionGrowing,0.7629241943358211,0.0,0.0,0.0,0.0
benign_benign_337.png,benign,oracle,Watershed,0.9902801513670364,0.8072617246571642,0.6768138000980375,0.8421717171664005,0.7751307379385525
benign_benign_337.png,benign,oracle,Otsu,0.9732513427732891,0.6242229367617916,0.45372390152554154,0.49456521738962445,0.8460197559509238
benign_benign_337.png,benign,oracle,RegionGrowing,0.9822998046873501,0.6381784154690013,0.46862116353427113,0.6888888888842499,0.5944218477594746
benign_benign_337.png,benign,auto,Watershed,0.026260375976558493,0.051176829177624464,0.026260375976558493,0.026260375976558493,0.9999999999941895
benign_benign_337.png,benign,auto,Otsu,0.48716735839836317,0.05944085299301502,0.030630786536289516,0.03122427378571351,0.6170830912224458
benign_benign_337.png,benign,auto,RegionGrowing,0.8802795410154907,0.0,0.0,0.0,0.0
benign_benign_434.png,benign,oracle,Watershed,0.9868774414060995,0.9587490406749046,0.9207665376811122,0.988037567967387,0.9311469300280153
benign_benign_434.png,benign,oracle,Otsu,0.8384857177733096,0.6562307167676735,0.4883507347252086,0.5036893010267705,0.9413025249222572
benign_benign_434.png,benign,oracle,RegionGrowing,0.8992462158201753,0.5558022199794445,0.38485187255414116,0.9997579864448215,0.38488772943223243
benign_benign_434.png,benign,auto,Watershed,0.34965515136713415,0.3205318283992028,0.19085317234305524,0.1933492326037248,0.9366439951542563
benign_benign_434.png,benign,auto,Otsu,0.6173248291014684,0.4055559506031417,0.25435571148235286,0.27196719226847915,0.79707444330495
benign_benign_434.png,benign,auto,RegionGrowing,0.8342285156248728,0.0,0.0,0.0,0.0
malignant_malignant_160.png,malignant,oracle,Watershed,0.8619995117186185,0.7105549510335049,0.5510548523204015,0.6314921212807147,0.8122484817437533
malignant_malignant_160.png,malignant,oracle,Otsu,0.7450866699217613,0.5134552656102885,0.34540182594712376,0.4264841066329157,0.6449842686759018
malignant_malignant_160.png,malignant,oracle,RegionGrowing,0.8054809570311271,0.3785707321827149,0.23347964644324845,0.5671096830720503,0.2841150215846315
malignant_malignant_160.png,malignant,auto,Watershed,0.20932006835934308,0.34533555690313,0.20870428342365296,0.20870428342365296,0.9999999999992683
malignant_malignant_160.png,malignant,auto,Otsu,0.6085205078124072,0.39212434251045064,0.24387728036301795,0.2899540979010162,0.605473037242551
malignant_malignant_160.png,malignant,auto,RegionGrowing,0.763381958007696,0.03184116875817454,0.016178149980956617,0.1085106382974106,0.018658081510193415
normal_normal_3.png,normal,oracle,Watershed,1.0,1.0,1.0,1.0,1.0
normal_normal_3.png,normal,oracle,Otsu,1.0,1.0,1.0,1.0,1.0
normal_normal_3.png,normal,oracle,RegionGrowing,1.0,1.0,1.0,1.0,1.0
normal_normal_3.png,normal,auto,Watershed,0.0,0.0,0.0,0.0,0.0
normal_normal_3.png,normal,auto,Otsu,0.34045410156244804,0.0,0.0,0.0,0.0
normal_normal_3.png,normal,auto,RegionGrowing,0.8180694580076877,0.0,0.0,0.0,0.0
benign_benign_171.png,benign,oracle,Watershed,0.9975433349607853,0.6967984933955405,0.5346820809094023,0.9999999999459459,0.5346820809094023
benign_benign_171.png,benign,oracle,Otsu,0.9881286621092242,0.43541364295765306,0.27829313543341105,0.29069767441578787,0.867052023096328
benign_benign_171.png,benign,oracle,RegionGrowing,0.9962921142576605,0.45879732738399115,0.2976878612630726,0.9999999999029127,0.2976878612630726
benign_benign_171.png,benign,auto,Watershed,0.4539794921874307,0.01638262781747763,0.008258965689261056,0.008269967253147508,0.8612716762756858
benign_benign_171.png,benign,auto,Otsu,0.5662384033202261,0.021748855776172013,0.01099398114323105,0.011005467906519344,0.9132947976614655
benign_benign_171.png,benign,auto,RegionGrowing,0.8619689941404935,0.0,0.0,0.0,0.0
benign_benign_10.png,benign,oracle,Watershed,0.9945831298826607,0.9666572743486741,0.9354662788566889,0.982061068700416,0.9517292398724769
benign_benign_10.png,benign,oracle,Otsu,0.9947357177732857,0.968275862068075,0.9385026737951185,0.9628749085571272,0.9737377473627266
benign_benign_10.png,benign,oracle,RegionGrowing,0.9779510498045383,0.8457679581589862,0.7327538376165476,0.999999999997476,0.7327538376165476
benign_benign_10.png,benign,auto,Watershed,0.41677856445306144,0.0011498458161289004,0.0005752536345569044,0.0006695273745394963,0.004068799704079769
benign_benign_10.png,benign,auto,Otsu,0.6162261962889685,0.12234358097493724,0.06515759738326452,0.07539784946233316,0.32420935823871977
benign_benign_10.png,benign,auto,RegionGrowing,0.9103698730467361,0.0,0.0,0.0,0.0
benign_benign_191.png,benign,oracle,Watershed,0.9956054687498481,0.8410596026443651,0.7257142857073742,0.9999999999868766,0.7257142857073742
benign_benign_191.png,benign,oracle,Otsu,0.9951934814451607,0.8461162677047088,0.7332768839904041,0.8686058174436448,0.82476190475405
benign_benign_191.png,benign,oracle,RegionGrowing,0.9913635253904738,0.6329442282708629,0.4629981024624004,0.991869918679027,0.46476190475747853
benign_benign_191.png,benign,auto,Watershed,0.016021728515622558,0.031538161175017045,0.016021728515622558,0.016021728515622558,0.9999999999904763
benign_benign_191.png,benign,auto,Otsu,0.3939514160155649,0.04104495629918368,0.02095247485702501,0.02105628220372051,0.8095238095160998
benign_benign_191.png,benign,auto,RegionGrowing,0.720916748046765,0.0,0.0,0.0,0.0
malignant_malignant_128.png,malignant,oracle,Watershed,0.3617858886718198,0.531340340183254,0.3617858886718198,0.3617858886718198,0.9999999999995782
malignant_malignant_128.png,malignant,oracle,Otsu,0.5855712890624106,0.5504353295592825,0.37972457578724744,0.4530023975587258,0.7012652889073381
malignant_malignant_128.png,malignant,oracle,RegionGrowing,0.6288452148436541,0.3428077380308163,0.20686057127944213,0.4769207637945595,0.2675664276675379
malignant_malignant_128.png,malignant,auto,Watershed,0.3617858886718198,0.531340340183254,0.3617858886718198,0.3617858886718198,0.9999999999995782
malignant_malignant_128.png,malignant,auto,Otsu,0.511352539062422,0.5063357484198387,0.3389889982867177,0.39900388726909647,0.6926613243354311
malignant_malignant_128.png,malignant,auto,RegionGrowing,0.6039123535155329,0.2402388339283966,0.13651786308291647,0.3925019127769773,0.17309152256424584
benign_benign_143.png,benign,oracle,Watershed,0.9993286132810976,0.9339339339199109,0.8760563380034914,0.9873015872702444,0.8860398860146427
benign_benign_143.png,benign,oracle,Otsu,0.9926757812498486,0.5890410958853679,0.41747572815027334,0.42105263157379375,0.9800569800290582
benign_benign_143.png,benign,oracle,RegionGrowing,0.9985198974607852,0.8396694214737245,0.7236467236261069,0.9999999999606299,0.7236467236261069
benign_benign_143.png,benign,auto,Watershed,0.3296966552733872,0.0,0.0,0.0,0.0
benign_benign_143.png,benign,auto,Otsu,0.514633178710859,0.020628713938230663,0.010421851667493024,0.010427041832666076,0.954415954388763
benign_benign_143.png,benign,auto,RegionGrowing,0.9354553222654823,0.0,0.0,0.0,0.0
benign_benign_292.png,benign,oracle,Watershed,0.9835357666014125,0.8033533807165968,0.6713371915910102,0.7741482262003015,0.8348484848453226
benign_benign_292.png,benign,oracle,Otsu,0.9528503417967297,0.5356176735789967,0.3657635467972788,0.4439461883397012,0.6749999999974432
benign_benign_292.png,benign,oracle,RegionGrowing,0.9676666259764148,0.3296425181894032,0.19734848484773732,0.9999999999808061,0.19734848484773732
benign_benign_292.png,benign,auto,Watershed,0.04028320312499385,0.07744660877727097,0.04028320312499385,0.04028320312499385,0.9999999999962121
benign_benign_292.png,benign,auto,Otsu,0.46444702148430417,0.06946285593083688,0.035981103054263906,0.03734534466046031,0.49621212121024166
benign_benign_292.png,benign,auto,RegionGrowing,0.9053039550779869,0.0,0.0,0.0,0.0
benign_benign_181.png,benign,oracle,Watershed,0.9806823730467255,0.8891418563915156,0.8004099006766507,0.8271423916571732,0.9611889435801568
benign_benign_181.png,benign,oracle,Otsu,0.9349212646482948,0.7046194334782847,0.5439478186478358,0.5555312875389805,0.9630821658444471
benign_benign_181.png,benign,oracle,RegionGrowing,0.9626617431639156,0.6997914366326834,0.5382147575003997,0.9940745904461692,0.5399469897755775
benign_benign_181.png,benign,auto,Watershed,0.0805969238281127,0.14917111468833502,0.0805969238281127,0.0805969238281127,0.9999999999981068
benign_benign_181.png,benign,auto,Otsu,0.46916198730461595,0.2282316924373343,0.12881576640870238,0.12926247015953532,0.9738735327509014
benign_benign_181.png,benign,auto,RegionGrowing,0.891235351562364,0.004747277296837829,0.0023792862141324292,0.009042553191441264,0.0032184778492934146
benign_benign_233.png,benign,oracle,Watershed,0.7499694824217606,0.5403904409288286,0.3702294477111456,0.38752111996122474,0.8924402445794956
benign_benign_233.png,benign,oracle,Otsu,0.760498046874884,0.5157349129950278,0.3474681965576006,0.3866222592282419,0.7743190661471425
benign_benign_233.png,benign,oracle,RegionGrowing,0.8753051757811164,0.4929262844375199,0.3270750988139599,0.7463359639219348,0.36798221233984807
benign_benign_233.png,benign,auto,Watershed,0.16470336914059988,0.2828245774924299,0.16470336914059988,0.16470336914059988,0.9999999999990735
benign_benign_233.png,benign,auto,Otsu,0.47979736328117684,0.31624548736455754,0.1878216123498695,0.20181231761628993,0.7304057809887619
benign_benign_233.png,benign,auto,RegionGrowing,0.8335266113279979,0.008722514991814716,0.0043803613798098365,0.22641509432894266,0.0044469149527474085
benign_benign_22.png,benign,oracle,Watershed,0.9919128417967237,0.9255408822690003,0.8614016736379148,0.8968145929733276,0.9561683599391694
benign_benign_22.png,benign,oracle,Otsu,0.963287353515478,0.73572056238935,0.581928757601074,0.5918006714956852,0.9721335268476862
benign_benign_22.png,benign,oracle,RegionGrowing,0.9627990722654781,0.5588128845447723,0.3877448518322759,0.7419509850997504,0.4481857764863623
benign_benign_22.png,benign,auto,Watershed,0.33163452148432443,0.1359188826639044,0.07291468241368279,0.07291468241368279,0.9999999999970973
benign_benign_22.png,benign,auto,Otsu,0.6498413085936509,0.2271839428840078,0.12814862657189008,0.12850013333836394,0.979100145135039
benign_benign_22.png,benign,auto,RegionGrowing,0.9288787841795458,0.0,0.0,0.0,0.0
benign_benign_363.png,benign,oracle,Watershed,0.9948730468748482,0.8636363636328587,0.7599999999945715,0.9797421731033173,0.7721335268449048
benign_benign_363.png,benign,oracle,Otsu,0.9887695312498491,0.7440890125147981,0.5924695459546375,0.7142857142809461,0.7764876632744813
benign_benign_363.png,benign,oracle,RegionGrowing,0.9777679443357884,0.35843240862898096,0.21834763948380717,0.4557670772625334,0.29535558780627463
benign_benign_363.png,benign,auto,Watershed,0.37063598632806843,0.05481461111873716,0.028179633382020598,0.028300993847603338,0.8679245282955884
benign_benign_363.png,benign,auto,Otsu,0.6363372802733405,0.05943407395711771,0.030627186203518005,0.031426067359446,0.5464441219118545
benign_benign_363.png,benign,auto,RegionGrowing,0.9770355224607885,0.0,0.0,0.0,0.0
benign_benign_195.png,benign,oracle,Watershed,0.7783660888670688,0.626635477983542,0.45627760724696553,0.7683434190615429,0.5290594209815838
benign_benign_195.png,benign,oracle,Otsu,0.8085021972655017,0.710348966026424,0.5508071155014314,0.7584898220706991,0.667954338295643
benign_benign_195.png,benign,oracle,RegionGrowing,0.7583618164061343,0.4804121005313733,0.3161463056525819,0.9841376529090144,0.3177655280175712
benign_benign_195.png,benign,auto,Watershed,0.3515472412108839,0.5202145074794784,0.3515472412108839,0.3515472412108839,0.9999999999995659
benign_benign_195.png,benign,auto,Otsu,0.7969970703123784,0.7608226664747662,0.6139740018568322,0.6493785484116467,0.9184426407392168
benign_benign_195.png,benign,auto,RegionGrowing,0.6867370605467702,0.22947004954202466,0.1296052910500998,0.8479889042972317,0.13268805069658723
malignant_malignant_133.png,malignant,oracle,Watershed,0.37672424316400505,0.547276253809859,0.37672424316400505,0.37672424316400505,0.9999999999995949
malignant_malignant_133.png,malignant,oracle,Otsu,0.7420043945311368,0.7177578205854643,0.559767750670305,0.6104722151232046,0.8707926606987441
malignant_malignant_133.png,malignant,oracle,RegionGrowing,0.7677917480467579,0.5677441345223634,0.3963985403774407,0.9502709898250924,0.40479565798517364
malignant_malignant_133.png,malignant,auto,Watershed,0.37672424316400505,0.547276253809859,0.37672424316400505,0.37672424316400505,0.9999999999995949
malignant_malignant_133.png,malignant,auto,Otsu,0.701354980468643,0.6875977653630188,0.523923037629704,0.5673981191221076,0.8724128154235196
malignant_malignant_133.png,malignant,auto,RegionGrowing,0.5543518066405404,0.08058930932440955,0.041986485599933746,0.1808675992649698,0.051844951192817915
malignant_malignant_8.png,malignant,oracle,Watershed,0.9685974121092272,0.6965496903557998,0.5343891402702842,0.7434686811433948,0.6552011095682242
malignant_malignant_8.png,malignant,oracle,Otsu,0.9443511962889184,0.6379430159826884,0.4683673469380928,0.4967532467524787,0.8912621359198578
malignant_malignant_8.png,malignant,oracle,RegionGrowing,0.9525756835936047,0.49232277033568717,0.32654387865584716,0.5987286452101759,0.4180305131749847
malignant_malignant_8.png,malignant,auto,Watershed,0.05500793457030411,0.10427966040408669,0.05500793457030411,0.05500793457030411,0.9999999999972261
malignant_malignant_8.png,malignant,auto,Otsu,0.5558624267577277,0.16830014001195295,0.09188194184447401,0.09381371049946043,0.8169209431322693
malignant_malignant_8.png,malignant,auto,RegionGrowing,0.7477264404295735,0.0,0.0,0.0,0.0
benign_benign_117.png,benign,oracle,Watershed,0.9914550781248488,0.8212005108530613,0.6966413867784581,0.8377850162811872,0.8052598622366609
benign_benign_117.png,benign,oracle,Otsu,0.9880523681639117,0.773633998263158,0.6308345120196567,0.7185821697061301,0.8378209142089054
benign_benign_117.png,benign,oracle,RegionGrowing,0.9906311035154739,0.7620155038730154,0.615529117090698,0.999999999989827,0.615529117090698
benign_benign_117.png,benign,auto,Watershed,0.24198913574215059,0.05238158823416204,0.026895200783540275,0.027013733128708337,0.8597370068825314
benign_benign_117.png,benign,auto,Otsu,0.5792388916014741,0.027714114452936173,0.01405177345537255,0.014683903751302239,0.24608641202100134
benign_benign_117.png,benign,auto,RegionGrowing,0.8676147460936177,0.0,0.0,0.0,0.0
benign_benign_404.png,benign,oracle,Watershed,0.4300079345702469,0.601406361705923,0.4300079345702469,0.4300079345702469,0.9999999999996452
benign_benign_404.png,benign,oracle,Otsu,0.6165924072264685,0.6034811974308253,0.4321325257637787,0.5433954757302082,0.6785067953583341
benign_benign_404.png,benign,oracle,RegionGrowing,0.5729370117186626,0.013604003665322618,0.006848585926685764,0.9999999999481864,0.006848585926685764
benign_benign_404.png,benign,auto,Watershed,0.4300079345702469,0.601406361705923,0.4300079345702469,0.4300079345702469,0.9999999999996452
benign_benign_404.png,benign,auto,Otsu,0.6165924072264685,0.6034811974308253,0.4321325257637787,0.5433954757302082,0.6785067953583341
benign_benign_404.png,benign,auto,RegionGrowing,0.5713043212889753,0.006084833905258398,0.0030517015010102367,0.999999999883721,0.0030517015010102367
benign_benign_110.png,benign,oracle,Watershed,0.8875122070311147,0.6975217462659209,0.535534274193211,0.5729307090856208,0.8913590604017497
benign_benign_110.png,benign,oracle,Otsu,0.911285400390486,0.7513259195890712,0.6016989792418979,0.63442646633875,0.9210360738245374
benign_benign_110.png,benign,oracle,RegionGrowing,0.9235687255857966,0.7066471449483416,0.5463684115191574,0.8002387584549672,0.6326552013416183
benign_benign_110.png,benign,auto,Watershed,0.1455078124999778,0.2540494458652688,0.1455078124999778,0.1455078124999778,0.9999999999989513
benign_benign_110.png,benign,auto,Otsu,0.41404724121087433,0.314549381503969,0.18662628145382815,0.189536859767206,0.9239723154352726
benign_benign_110.png,benign,auto,RegionGrowing,0.8441314697264337,0.0,0.0,0.0,0.0
benign_benign_243.png,benign,oracle,Watershed,0.8450622558592461,0.5743271568707242,0.4028463890846843,0.40324954376852695,0.9975243920183522
benign_benign_243.png,benign,oracle,Otsu,0.8363800048826849,0.46595946013224465,0.303746509966688,0.35407205570666506,0.6812290665491755
benign_benign_243.png,benign,oracle,RegionGrowing,0.9204406738279846,0.4642416769415698,0.3022882376551555,0.7884816753899181,0.328964613367804
benign_benign_243.png,benign,auto,Watershed,0.5689392089842882,0.001696232949324441,0.0008488363867861467,0.0011198730810502917,0.0034949759720351026
benign_benign_243.png,benign,auto,Otsu,0.6547393798827126,0.26385138432499466,0.1519751143092152,0.16987850858811485,0.5905053152750975
benign_benign_243.png,benign,auto,RegionGrowing,0.8753356933592414,0.0,0.0,0.0,0.0
benign_benign_208.png,benign,oracle,Watershed,0.996490478515473,0.8296296296234843,0.708860759484698,0.9999999999821428,0.708860759484698
benign_benign_208.png,benign,oracle,Otsu,0.9949951171873482,0.7680339462463365,0.6234213547574808,0.8701923076783623,0.6873417721431982
benign_benign_208.png,benign,oracle,RegionGrowing,0.9925384521482861,0.5517873510490212,0.38101265822302516,0.9999999999667774,0.38101265822302516
benign_benign_208.png,benign,auto,Watershed,0.3844299316405664,0.000941059930658509,0.00047075146800117177,0.00047991917150783537,0.024050632911087968
benign_benign_208.png,benign,auto,Otsu,0.5660400390624136,0.03736799350120587,0.01903973509933118,0.01919732906725353,0.6987341772063451
benign_benign_208.png,benign,auto,RegionGrowing,0.8872680664061147,0.0,0.0,0.0,0.0
benign_benign_395.png,benign,oracle,Watershed,0.9764556884764135,0.900135913532522,0.8184064964095346,0.9038211593437694,0.8964805981682397
benign_benign_395.png,benign,oracle,Otsu,0.894729614257676,0.5893696803758173,0.41780590717264315,0.5474347633784304,0.6382622147729299
benign_benign_395.png,benign,oracle,RegionGrowing,0.904327392577987,0.3217221981822569,0.19169782132242916,0.9999999999932752,0.19169782132242916
benign_benign_395.png,benign,auto,Watershed,0.11836242675779444,0.21167096448498335,0.11836242675779444,0.11836242675779444,0.9999999999987108
benign_benign_395.png,benign,auto,Otsu,0.4208679199218108,0.11821012034754004,0.06281791693415407,0.07209862547822812,0.32796184091745784
benign_benign_395.png,benign,auto,RegionGrowing,0.606185913085845,0.0,0.0,0.0,0.0
benign_benign_345.png,benign,oracle,Watershed,0.9968109130857854,0.8059424326758966,0.6749611197406693,0.9538461538251902,0.6977491961302612
benign_benign_345.png,benign,oracle,Otsu,0.9896087646482865,0.6193404136354426,0.4485829959477848,0.47472150813646347,0.8906752411432367
benign_benign_345.png,benign,oracle,RegionGrowing,0.996459960937348,0.7932263814546059,0.6573116691187989,0.8899999999822,0.715434083589784
benign_benign_345.png,benign,auto,Watershed,0.009490966796873552,0.018803470479757733,0.009490966796873552,0.009490966796873552,0.9999999999839229
benign_benign_345.png,benign,auto,Otsu,0.494888305663987,0.032274095945264925,0.016401723369479603,0.01643590888789149,0.8874598070596871
benign_benign_345.png,benign,auto,RegionGrowing,0.8964385986326757,0.0,0.0,0.0,0.0
benign_benign_178.png,benign,oracle,Watershed,0.9852294921873497,0.8948511840094558,0.8097110281092791,0.9254100202180962,0.8662460567805127
benign_benign_178.png,benign,oracle,Otsu,0.9631347656248531,0.7863459497693789,0.6479160594569398,0.6784678773070678,0.9350157728686961
benign_benign_178.png,benign,oracle,RegionGrowing,0.9445648193357934,0.38329655406487306,0.23708525829433624,0.9938380281602656,0.23743427970507375
benign_benign_178.png,benign,auto,Watershed,0.19944763183590708,0.15344897135939436,0.0831003145753088,0.0831003145753088,0.999999999997897
benign_benign_178.png,benign,auto,Otsu,0.6244659423827172,0.2676387442344093,0.1544936100040695,0.1558752166377276,0.9457413249191468
benign_benign_178.png,benign,auto,RegionGrowing,0.9007263183592376,0.0,0.0,0.0,0.0
benign_benign_365.png,benign,oracle,Watershed,0.9953155517576606,0.9202804466348474,0.8523328523287527,0.9828064337161243,0.8652343749957753
benign_benign_365.png,benign,oracle,Otsu,0.9821472167967252,0.7665602553855416,0.6214817211238386,0.6481106612663694,0.93798828124542
benign_benign_365.png,benign,oracle,RegionGrowing,0.9853973388670372,0.74322511403074,0.5913748932511044,0.824895771287523,0.676269531246698
benign_benign_365.png,benign,auto,Watershed,0.285171508789019,0.0058148171728091905,0.002915886259151431,0.003039513677810876,0.06689453124967337
benign_benign_365.png,benign,auto,Otsu,0.5760192871092872,0.11913517626169187,0.06334063711442328,0.06370355302411727,0.9174804687455201
benign_benign_365.png,benign,auto,RegionGrowing,0.9624786376951657,0.0,0.0,0.0,0.0
benign_benign_144.png,benign,oracle,Watershed,0.9991149902342226,0.8104575163133837,0.6813186812812462,0.9999999999193548,0.6813186812812462
benign_benign_144.png,benign,oracle,Otsu,0.9878845214842243,0.29359430604721004,0.17205422314731955,0.17515923566693037,0.9065934065435938
benign_benign_144.png,benign,oracle,RegionGrowing,0.9983673095701602,0.5836575875259277,0.4120879120652699,0.9999999998666668,0.4120879120652699
benign_benign_144.png,benign,auto,Watershed,0.0027770996093745763,0.005538817371191221,0.0027770996093745763,0.0027770996093745763,0.999999999945055
benign_benign_144.png,benign,auto,Otsu,0.42840576171868466,0.008784928027093358,0.0044118428746068115,0.004413719755383033,0.9120879120377974
benign_benign_144.png,benign,auto,RegionGrowing,0.9810791015623503,0.0,0.0,0.0,0.0
malignant_malignant_75.png,malignant,oracle,Watershed,0.9733276367186016,0.94029646833768,0.8873203119958181,0.909301096577547,0.973479490805535
malignant_malignant_75.png,malignant,oracle,Otsu,0.6515960693358381,0.1209624639075569,0.06437469267330587,0.13274186734251564,0.11110325318238252
malignant_malignant_75.png,malignant,oracle,RegionGrowing,0.8471984863279958,0.5080565926505659,0.34053342113905793,0.8318854568841186,0.36570014144245705
malignant_malignant_75.png,malignant,auto,Watershed,0.21575927734371708,0.35493749686224774,0.21575927734371708,0.21575927734371708,0.9999999999992927
malignant_malignant_75.png,malignant,auto,Otsu,0.23434448242183925,0.037555623753253504,0.019137165979236637,0.025765870091581808,0.06923620933517027
malignant_malignant_75.png,malignant,auto,RegionGrowing,0.6151275634764687,0.0,0.0,0.0,0.0
malignant_malignant_81.png,malignant,oracle,Watershed,0.9378204345701694,0.6646918456342757,0.4977816120279791,0.6401965446177839,0.6911362080754772
malignant_malignant_81.png,malignant,oracle,Otsu,0.8719940185545545,0.3599603265427939,0.21948269445457805,0.3247969158745356,0.40366187542709847
malignant_malignant_81.png,malignant,oracle,RegionGrowing,0.9159851074217352,0.28176363161977336,0.16398420892778018,0.5927552140472406,0.1848049281311006
malignant_malignant_81.png,malignant,auto,Watershed,0.46975708007805334,0.2478354978354442,0.14144533662751294,0.14186242442260338,0.9796372347690288
malignant_malignant_81.png,malignant,auto,Otsu,0.6136779785155314,0.18191805609403452,0.10006042725621155,0.11213352453787757,0.48169062286022984
malignant_malignant_81.png,malignant,auto,RegionGrowing,0.9093322753904863,0.0,0.0,0.0,0.0
benign_benign_118.png,benign,oracle,Watershed,0.9947814941404732,0.8431192660511784,0.7287866772345061,0.8612933458213563,0.8256963162549354
benign_benign_118.png,benign,oracle,Otsu,0.9926757812498486,0.8126463700202473,0.6844181459521077,0.7184265010302386,0.9353099730374187
benign_benign_118.png,benign,oracle,RegionGrowing,0.9903106689451614,0.6008799497133823,0.42946990116415573,0.9999999999790795,0.42946990116415573
benign_benign_118.png,benign,auto,Watershed,0.01698303222655991,0.03339885069542928,0.01698303222655991,0.01698303222655991,0.9999999999910154
benign_benign_118.png,benign,auto,Otsu,0.49369812011711217,0.059148779312088035,0.030475689574558654,0.03053815072904183,0.9371069182305741
benign_benign_118.png,benign,auto,RegionGrowing,0.747802734374886,0.0,0.0,0.0,0.0
benign_benign_269.png,benign,oracle,Watershed,0.9781036376951633,0.7744774477435573,0.6319569120271045,0.7270581292395188,0.8285137861438181
benign_benign_269.png,benign,oracle,Otsu,0.9492645263670427,0.5473110959829172,0.37675726335449533,0.45984900480334057,0.6758574310669945
benign_benign_269.png,benign,oracle,RegionGrowing,0.9465026855467307,0.2142536978928412,0.1199799196784137,0.3212365591376261,0.16072629455225043
benign_benign_269.png,benign,auto,Watershed,0.045379638671868075,0.08681944241715271,0.045379638671868075,0.045379638671868075,0.9999999999966376
benign_benign_269.png,benign,auto,Otsu,0.48385620117180117,0.06733208337926896,0.03483893057892692,0.036673274463856355,0.4105581708123384
benign_benign_269.png,benign,auto,RegionGrowing,0.8241271972654993,0.012508567511983799,0.006293646003960433,0.008392733961820656,0.02454606590442318
normal_normal_130.png,normal,oracle,Watershed,1.0,1.0,1.0,1.0,1.0
normal_normal_130.png,normal,oracle,Otsu,1.0,1.0,1.0,1.0,1.0
normal_normal_130.png,normal,oracle,RegionGrowing,1.0,1.0,1.0,1.0,1.0
normal_normal_130.png,normal,auto,Watershed,0.0,0.0,0.0,0.0,0.0
normal_normal_130.png,normal,auto,Otsu,0.41740417480462383,0.0,0.0,0.0,0.0
normal_normal_130.png,normal,auto,RegionGrowing,0.9183349609373599,0.0,0.0,0.0,0.0
benign_benign_330.png,benign,oracle,Watershed,0.9914703369139113,0.9680407066485803,0.9380609418272153,0.994011976046737,0.9433920213940902
benign_benign_330.png,benign,oracle,Otsu,0.9385375976561068,0.8033011036230084,0.6712641802002193,0.7149687065362352,0.9165366614654372
benign_benign_330.png,benign,oracle,RegionGrowing,0.9322509765623578,0.6713058928037672,0.5052373523506739,0.9999999999977944,0.5052373523506739
benign_benign_330.png,benign,auto,Watershed,0.1369323730468541,0.24088041873570784,0.1369323730468541,0.1369323730468541,0.9999999999988856
benign_benign_330.png,benign,auto,Otsu,0.5485229492186663,0.3641091768750561,0.22257547492045968,0.2255565022898537,0.9439491865378382
benign_benign_330.png,benign,auto,RegionGrowing,0.8384246826170596,0.009540735197821025,0.004793233082702262,0.02970297029685671,0.005683084466229459
malignant_malignant_76.png,malignant,oracle,Watershed,0.734680175781138,0.5341584954185999,0.3644039916656196,0.37597586271907374,0.9221163629627951
malignant_malignant_76.png,malignant,oracle,Otsu,0.8103179931639389,0.6012765820955829,0.4298752522470969,0.46022783069799655,0.8669873277209629
malignant_malignant_76.png,malignant,oracle,RegionGrowing,0.8513793945311201,0.4110533317206367,0.2586954867187315,0.5935044525919443,0.3144019979647448
malignant_malignant_76.png,malignant,auto,Watershed,0.16496276855466233,0.28320693674927855,0.16496276855466233,0.16496276855466233,0.999999999999075
malignant_malignant_76.png,malignant,auto,Otsu,0.4365539550780584,0.28634378261368204,0.16709523165061418,0.18098751557494785,0.6852280085092172
malignant_malignant_76.png,malignant,auto,RegionGrowing,0.7325897216795757,0.25549088746325016,0.14645431521520239,0.23625078566920468,0.2781426325036739
benign_benign_96.png,benign,oracle,Watershed,0.9465789794920431,0.8215141473358034,0.6970929226503745,0.760740251155924,0.8928413120557481
benign_benign_96.png,benign,oracle,Otsu,0.9064025878904868,0.7256217570223986,0.5693927693923696,0.608385838583402,0.898825354608933
benign_benign_96.png,benign,oracle,RegionGrowing,0.8960876464842383,0.4679687499996344,0.3054563997957109,0.7931673728792554,0.3318927304960861
benign_benign_96.png,benign,auto,Watershed,0.48947143554680034,0.01559373896668954,0.007858138362539556,0.010615286011852822,0.029366134751740505
benign_benign_96.png,benign,auto,Otsu,0.6879577636717701,0.31200376799881846,0.18483676804712207,0.22400966183564056,0.5138519503540404
benign_benign_96.png,benign,auto,RegionGrowing,0.806304931640502,0.0,0.0,0.0,0.0
benign_benign_13.png,benign,oracle,Watershed,0.9907379150389114,0.9647113539904861,0.9318283917330055,0.9977152477140478,0.9338210467068836
benign_benign_13.png,benign,oracle,Otsu,0.9325714111326703,0.7861808680501349,0.6476919397268215,0.6895263961970043,0.9143500281362809
benign_benign_13.png,benign,oracle,RegionGrowing,0.9319000244139204,0.664612609904062,0.49769274057344093,0.9999999999977386,0.49769274057344093
benign_benign_13.png,benign,auto,Watershed,0.13557434082029182,0.23877668937527866,0.13557434082029182,0.13557434082029182,0.9999999999988745
benign_benign_13.png,benign,auto,Otsu,0.550659179687416,0.3625146122872316,0.22138494487183805,0.22442306145964128,0.9423747889691138
benign_benign_13.png,benign,auto,RegionGrowing,0.8437347412108088,0.0,0.0,0.0,0.0
normal_normal_45.png,normal,oracle,Watershed,1.0,1.0,1.0,1.0,1.0
normal_normal_45.png,normal,oracle,Otsu,1.0,1.0,1.0,1.0,1.0
normal_normal_45.png,normal,oracle,RegionGrowing,1.0,1.0,1.0,1.0,1.0
normal_normal_45.png,normal,auto,Watershed,0.3126068115233898,0.0,0.0,0.0,0.0
normal_normal_45.png,normal,auto,Otsu,0.514480590820234,0.0,0.0,0.0,0.0
normal_normal_45.png,normal,auto,RegionGrowing,0.993179321288911,0.0,0.0,0.0,0.0
malignant_malignant_12.png,malignant,oracle,Watershed,0.9939270019529733,0.8910186199318428,0.8034567901194891,0.9018847006601891,0.8804112554064913
malignant_malignant_12.png,malignant,oracle,Otsu,0.9793090820311006,0.7263922518145149,0.5703422053213868,0.5791505791487157,0.9740259740207033
malignant_malignant_12.png,malignant,oracle,RegionGrowing,0.9849853515623498,0.6379690949203901,0.4683954619099493,0.9965517241264764,0.46915584415330547
malignant_malignant_12.png,malignant,auto,Watershed,0.7246704101561394,0.0,0.0,0.0,0.0
malignant_malignant_12.png,malignant,auto,Otsu,0.7167358398436406,0.16091122762603466,0.08749508454576903,0.08778851844540946,0.9632034631982511
malignant_malignant_12.png,malignant,auto,RegionGrowing,0.963958740234228,0.0,0.0,0.0,0.0
benign_benign_318.png,benign,oracle,Watershed,0.9990844726560976,0.8765432098585073,0.7802197801912008,0.9999999999530516,0.7802197801912008
benign_benign_318.png,benign,oracle,Otsu,0.9882507324217242,0.4003115264766331,0.2502434274561807,0.25420375865228284,0.9413919413574582
benign_benign_318.png,benign,oracle,RegionGrowing,0.9988555908201602,0.8434237995648555,0.7292418772299912,0.9805825242242435,0.7399267398996363
benign_benign_318.png,benign,auto,Watershed,0.3737030029296305,0.00019487004603800092,9.744451752780885e-05,9.808729769492445e-05,0.014652014651477948
benign_benign_318.png,benign,auto,Otsu,0.6498413085936509,0.015529815529808868,0.007825673397030643,0.007856925814989861,0.6630036629793772
benign_benign_318.png,benign,auto,RegionGrowing,0.8937530517576762,0.0,0.0,0.0,0.0
malignant_malignant_182.png,malignant,oracle,Watershed,0.9237060546873591,0.8143610306672554,0.6868541366564246,0.8367923088655297,0.7931009545843266
malignant_malignant_182.png,malignant,oracle,Otsu,0.7466583251951986,0.5676189484099671,0.39627649903625456,0.4435309918194442,0.7881110789696354
malignant_malignant_182.png,malignant,oracle,RegionGrowing,0.7739715576170695,0.3918380752964684,0.24365585907569892,0.45322442777048794,0.3450969048305286
malignant_malignant_182.png,malignant,auto,Watershed,0.2109985351562178,0.34847033919656917,0.2109985351562178,0.2109985351562178,0.9999999999992768
malignant_malignant_182.png,malignant,auto,Otsu,0.583404541015536,0.4469696969696065,0.2878048780487054,0.3104389420370539,0.7978738790853356
malignant_malignant_182.png,malignant,auto,RegionGrowing,0.7337646484373881,0.3437147370795367,0.20752146068937297,0.3581282332651214,0.33041654613803123
normal_normal_100.png,normal,oracle,Watershed,1.0,1.0,1.0,1.0,1.0
normal_normal_100.png,normal,oracle,Otsu,1.0,1.0,1.0,1.0,1.0
normal_normal_100.png,normal,oracle,RegionGrowing,1.0,1.0,1.0,1.0,1.0
normal_normal_100.png,normal,auto,Watershed,0.0,0.0,0.0,0.0,0.0
normal_normal_100.png,normal,auto,Otsu,0.39715576171868944,0.0,0.0,0.0,0.0
normal_normal_100.png,normal,auto,RegionGrowing,0.9972839355467229,0.0,0.0,0.0,0.0
benign_benign_179.png,benign,oracle,Watershed,0.9976806640623478,0.6996047430691777,0.537993920956292,0.9999999999435027,0.537993920956292
benign_benign_179.png,benign,oracle,Otsu,0.9893188476560991,0.4097807757132397,0.25768822905347094,0.2835472578730041,0.7386018236857568
benign_benign_179.png,benign,oracle,RegionGrowing,0.9969482421873479,0.5633187772802769,0.3920972644257721,0.9999999999224806,0.3920972644257721
benign_benign_179.png,benign,auto,Watershed,0.005020141601561734,0.009990131329232523,0.005020141601561734,0.005020141601561734,0.9999999999696049
benign_benign_179.png,benign,auto,Otsu,0.44261169433587,0.01334305701860645,0.00671633674135123,0.006731345724094748,0.7507598783966334
benign_benign_179.png,benign,auto,RegionGrowing,0.7059020996092673,0.0,0.0,0.0,0.0
benign_benign_341.png,benign,oracle,Watershed,0.9771881103514134,0.9242999645546993,0.8592543777058376,0.8946285042139829,0.9560071226553304
benign_benign_341.png,benign,oracle,Otsu,0.8657836914061179,0.6429035401101645,0.47373459375345595,0.5248922770961054,0.8293704828733325
benign_benign_341.png,benign,oracle,RegionGrowing,0.8582000732420566,0.05183144577078682,0.026605216298285737,0.9999999999606299,0.026605216298285737
benign_benign_341.png,benign,auto,Watershed,0.14567565917966527,0.2543052355393026,0.14567565917966527,0.14567565917966527,0.9999999999989525
benign_benign_341.png,benign,auto,Otsu,0.49603271484367434,0.31119916579764106,0.18427227148109754,0.19428169674239143,0.7815020425256295
benign_benign_341.png,benign,auto,RegionGrowing,0.8493194580076829,0.0,0.0,0.0,0.0
benign_benign_284.png,benign,oracle,Watershed,0.9864807128904746,0.8825868009529783,0.7898481973415801,0.96159399364435,0.8155767817761068
benign_benign_284.png,benign,oracle,Otsu,0.9411621093748564,0.6306513409955644,0.46054840514764894,0.5178543338044395,0.8062698995816648
benign_benign_284.png,benign,oracle,RegionGrowing,0.9500732421873551,0.4944375772551075,0.328407224958275,0.6697362913324834,0.3918687239765078
benign_benign_284.png,benign,auto,Watershed,0.2615203857421476,0.13999111505994846,0.0752636808315356,0.0754713366032964,0.9647318148396652
benign_benign_284.png,benign,auto,Otsu,0.46961975097649084,0.09845675009723812,0.05177728673921713,0.055059178463664704,0.4648542738171324
benign_benign_284.png,benign,auto,RegionGrowing,0.5845184326170983,0.0,0.0,0.0,0.0
malignant_malignant_53.png,malignant,oracle,Watershed,0.9802246093748505,0.8109133352774863,0.6819631901823756,0.9385342789566412,0.7138453634710664
malignant_malignant_53.png,malignant,oracle,Otsu,0.9511718749998549,0.6453900709212705,0.47643979057513675,0.5675306957696988,0.7480092473651477
malignant_malignant_53.png,malignant,oracle,RegionGrowing,0.9666900634764151,0.6196201428809556,0.44887654632555196,0.9631635969611964,0.4567171846892969
malignant_malignant_53.png,malignant,auto,Watershed,0.05940246582030344,0.11214334067895085,0.05940246582030344,0.05940246582030344,0.9999999999974313
malignant_malignant_53.png,malignant,auto,Otsu,0.5480651855467914,0.15584563643614097,0.08450791295744173,0.08764786971433089,0.7022861546347231
malignant_malignant_53.png,malignant,auto,RegionGrowing,0.8498535156248703,0.0,0.0,0.0,0.0
malignant_malignant_129.png,malignant,oracle,Watershed,0.3975372314452519,0.5689111137799769,0.3975372314452519,0.3975372314452519,0.9999999999996161
malignant_malignant_129.png,malignant,oracle,Otsu,0.5973663330077214,0.5879542153998989,0.41638466812633174,0.4956036434474555,0.7226039227725319
malignant_malignant_129.png,malignant,oracle,RegionGrowing,0.6246795654295922,0.2758986134415862,0.16002458764465388,0.5919656392109753,0.17986412313354322
malignant_malignant_129.png,malignant,auto,Watershed,0.3975372314452519,0.5689111137799769,0.3975372314452519,0.3975372314452519,0.9999999999996161
malignant_malignant_129.png,malignant,auto,Otsu,0.5397033691405426,0.556147372138109,0.3851829206154316,0.45093173629823896,0.7254059033505833
malignant_malignant_129.png,malignant,auto,RegionGrowing,0.6074829101561573,0.02494124782047421,0.012628104249025975,0.9999999999696049,0.012628104249025975
benign_benign_65.png,benign,oracle,Watershed,0.989593505859224,0.8674183514757632,0.7658771026406939,0.936607892523356,0.807748008686431
benign_benign_65.png,benign,oracle,Otsu,0.9817504882811002,0.8043833823997312,0.672777017782017,0.733591885439339,0.8902968863110416
benign_benign_65.png,benign,oracle,RegionGrowing,0.9815673828123502,0.7201112140854492,0.5626357711782671,0.999999999993565,0.5626357711782671
benign_benign_65.png,benign,auto,Watershed,0.04214477539061857,0.08088084570557251,0.04214477539061857,0.04214477539061857,0.9999999999963795
benign_benign_65.png,benign,auto,Otsu,0.43798828124993316,0.12421533193833836,0.06622046445592075,0.06647325291391397,0.9456915278749252
benign_benign_65.png,benign,auto,RegionGrowing,0.8023986816405027,0.018642012731116517,0.009408704964423307,0.011788384128798362,0.04453294713959257
malignant_malignant_185.png,malignant,oracle,Watershed,0.9358367919920447,0.8083321938097414,0.6783200734388936,0.8102896829015714,0.8063841396864255
malignant_malignant_185.png,malignant,oracle,Otsu,0.8324432373045605,0.6169730370781621,0.44610340479170435,0.5004243761667513,0.8042924699883555
malignant_malignant_185.png,malignant,oracle,RegionGrowing,0.8880615234373646,0.5009523809520401,0.33418043202002706,0.9940604751593033,0.33484903601279115
malignant_malignant_185.png,malignant,auto,Watershed,0.1677856445312244,0.28735692259443274,0.1677856445312244,0.1677856445312244,0.9999999999990905
malignant_malignant_185.png,malignant,auto,Otsu,0.5155181884764839,0.33013354712117765,0.19770056854069548,0.21492734115314263,0.7115314659869847
malignant_malignant_185.png,malignant,auto,RegionGrowing,0.7929229736326916,0.05250296725542658,0.02695920269590094,0.11301472798282833,0.03419425245540724
normal_normal_57.png,normal,oracle,Watershed,1.0,1.0,1.0,1.0,1.0
normal_normal_57.png,normal,oracle,Otsu,1.0,1.0,1.0,1.0,1.0
normal_normal_57.png,normal,oracle,RegionGrowing,1.0,1.0,1.0,1.0,1.0
normal_normal_57.png,normal,auto,Watershed,0.0,0.0,0.0,0.0,0.0
normal_normal_57.png,normal,auto,Otsu,0.3974761962890019,0.0,0.0,0.0,0.0
normal_normal_57.png,normal,auto,RegionGrowing,0.6014251708983458,0.0,0.0,0.0,0.0
benign_benign_375.png,benign,oracle,Watershed,0.9903106689451614,0.9297488660239741,0.8687202811642161,0.9615560640710262,0.8999785821355751
benign_benign_375.png,benign,oracle,Otsu,0.9396972656248567,0.6538798388503644,0.4857514638900641,0.5531189805888974,0.7995288070233465
benign_benign_375.png,benign,oracle,RegionGrowing,0.9392700195311067,0.4991190536112521,0.33255072949801684,0.6051266402178666,0.42471621332100085
benign_benign_375.png,benign,auto,Watershed,0.4875335693358631,0.0,0.0,0.0,0.0
benign_benign_375.png,benign,auto,Otsu,0.5646362304686638,0.1533028666389242,0.0830146231720768,0.08897998553167902,0.5532233883046622
benign_benign_375.png,benign,auto,RegionGrowing,0.8620300292967435,0.0,0.0,0.0,0.0
benign_benign_429.png,benign,oracle,Watershed,0.9976501464842228,0.9001297016802846,0.8183962264054434,0.9816124469450974,0.8311377245409445
benign_benign_429.png,benign,oracle,Otsu,0.9954376220701606,0.8021178027743077,0.6696132596611093,0.8964497041287507,0.7257485029853203
benign_benign_429.png,benign,oracle,RegionGrowing,0.9887542724607866,0.21007502679303242,0.11736526945967227,0.9999999998979593,0.11736526945967227
benign_benign_429.png,benign,auto,Watershed,0.012741088867185557,0.025161591659003908,0.012741088867185557,0.012741088867185557,0.9999999999880239
benign_benign_429.png,benign,auto,Otsu,0.36871337890619377,0.03584246096480172,0.01824826178780327,0.018276886512176287,0.9209580838213058
benign_benign_429.png,benign,auto,RegionGrowing,0.8374633789061222,0.0,0.0,0.0,0.0
malignant_malignant_85.png,malignant,oracle,Watershed,0.8597259521483064,0.7027324171380104,0.5417019791612036,0.5994373034696312,0.8490389123293881
malignant_malignant_85.png,malignant,oracle,Otsu,0.826080322265499,0.6497879923798163,0.48124886218802054,0.5354466275063118,0.8262228473192481
malignant_malignant_85.png,malignant,oracle,RegionGrowing,0.8565826416014318,0.41970735321329894,0.26558837318310236,0.999999999997058,0.26558837318310236
malignant_malignant_85.png,malignant,auto,Watershed,0.19528198242184522,0.32675466591769514,0.19528198242184522,0.19528198242184522,0.9999999999992185
malignant_malignant_85.png,malignant,auto,Otsu,0.6247863769530297,0.4724308088392035,0.30926966292126146,0.32562403880269564,0.8602906704165805
malignant_malignant_85.png,malignant,auto,RegionGrowing,0.7582397460936343,0.3615923926181152,0.22069745708513072,0.37329450915110374,0.3506016565085555
benign_benign_397.png,benign,oracle,Watershed,0.947372436523293,0.7721778188778835,0.6289003658267388,0.7886924841441254,0.7563405797091662
benign_benign_397.png,benign,oracle,Otsu,0.8865661621092398,0.6350515463914408,0.46525679758274685,0.5116279069763394,0.8369565217380475
benign_benign_397.png,benign,oracle,RegionGrowing,0.9057769775389243,0.483393290386946,0.3187334510146527,0.6837869822469023,0.3738354037262243
benign_benign_397.png,benign,auto,Watershed,0.11791992187498201,0.21096309237821975,0.11791992187498201,0.11791992187498201,0.999999999998706
benign_benign_397.png,benign,auto,Otsu,0.5417175292967924,0.23550374179090885,0.13346797461046353,0.14658723619996622,0.5986024844712751
benign_benign_397.png,benign,auto,RegionGrowing,0.7396240234373872,0.22626280946756766,0.1275627588321859,0.17415887198089197,0.32285196687328827
malignant_malignant_119.png,malignant,oracle,Watershed,0.9439544677732935,0.7874298281145972,0.649389079800831,0.6723660802523499,0.9500069822637202
malignant_malignant_119.png,malignant,oracle,Otsu,0.874496459960804,0.6153126607732962,0.4443693845839057,0.4625879043597309,0.9185867895532488
malignant_malignant_119.png,malignant,oracle,RegionGrowing,0.9050292968748619,0.39619712844354266,0.24703605129416034,0.6488719415295555,0.285155704510145
malignant_malignant_119.png,malignant,auto,Watershed,0.10926818847654583,0.19700950520651514,0.10926818847654583,0.10926818847654583,0.9999999999986036
malignant_malignant_119.png,malignant,auto,Otsu,0.5300445556639817,0.2834609031476902,0.16513512780890593,0.17006308972135278,0.8507191732986304
malignant_malignant_119.png,malignant,auto,RegionGrowing,0.8473663330076833,0.3518434523421552,0.21347696178627654,0.3282156673110152,0.3791369920396884
benign_benign_235.png,benign,oracle,Watershed,0.9435729980467311,0.7358571428566172,0.5820996722786957,0.6021744213226534,0.9458318031565446
benign_benign_235.png,benign,oracle,Otsu,0.8972473144529881,0.5516644474030947,0.3808954674998796,0.43273448924124425,0.7607418288638254
benign_benign_235.png,benign,oracle,RegionGrowing,0.9388580322264193,0.5562077749467756,0.38524087143236385,0.7008093776145665,0.46107234667561314
benign_benign_235.png,benign,auto,Watershed,0.08309936523436233,0.1534473528499967,0.08309936523436233,0.08309936523436233,0.9999999999981638
benign_benign_235.png,benign,auto,Otsu,0.4792480468749269,0.1995872226651814,0.11085636870486652,0.11440632394060164,0.7813073815630164
benign_benign_235.png,benign,auto,RegionGrowing,0.6880950927733326,0.0,0.0,0.0,0.0
normal_normal_1.png,normal,oracle,Watershed,1.0,1.0,1.0,1.0,1.0
normal_normal_1.png,normal,oracle,Otsu,1.0,1.0,1.0,1.0,1.0
normal_normal_1.png,normal,oracle,RegionGrowing,1.0,1.0,1.0,1.0,1.0
normal_normal_1.png,normal,auto,Watershed,0.0,0.0,0.0,0.0,0.0
normal_normal_1.png,normal,auto,Otsu,0.4379119873046207,0.0,0.0,0.0,0.0
normal_normal_1.png,normal,auto,RegionGrowing,0.9908599853514114,0.0,0.0,0.0,0.0
benign_benign_268.png,benign,oracle,Watershed,0.9095001220701737,0.6618778860950562,0.4946319018400693,0.5026844475229454,0.9686300684115324
benign_benign_268.png,benign,oracle,Otsu,0.941238403320169,0.7316189281477931,0.5768131868125529,0.6281713738623406,0.8758551643569568
benign_benign_268.png,benign,oracle,RegionGrowing,0.9303588867186081,0.38721804511226204,0.24009324009284033,0.9910652920894085,0.2406140497242773
benign_benign_268.png,benign,auto,Watershed,0.31758117675776404,0.027147549542096725,0.013760557478992269,0.015608584721592975,0.1041214750540562
benign_benign_268.png,benign,auto,Otsu,0.5438690185546046,0.0,0.0,0.0,0.0
benign_benign_268.png,benign,auto,RegionGrowing,0.8999481201170502,0.0,0.0,0.0,0.0
benign_benign_98.png,benign,oracle,Watershed,0.8761138916014288,0.8011170173674642,0.6682195251519479,0.8158866380596668,0.7868726240311886
benign_benign_98.png,benign,oracle,Otsu,0.8200531005858124,0.7465778446329115,0.5956316006032795,0.6744971654885942,0.8359078003941889
benign_benign_98.png,benign,oracle,RegionGrowing,0.8139648437498759,0.5864034194990887,0.41483081353471807,0.9937909623996851,0.4159087628119841
benign_benign_98.png,benign,auto,Watershed,0.8761138916014288,0.8011170173674642,0.6682195251519479,0.8158866380596668,0.7868726240311886
benign_benign_98.png,benign,auto,Otsu,0.8236694335936243,0.7507333908540228,0.6009392913873193,0.6803237030373821,0.8373995476633282
benign_benign_98.png,benign,auto,RegionGrowing,0.7870941162108175,0.5061758980709586,0.3388457164516969,0.9567835161881767,0.34411241037469603
benign_benign_142.png,benign,oracle,Watershed,0.9973754882810979,0.8453237409995925,0.732087227402927,0.9999999999787234,0.732087227402927
benign_benign_142.png,benign,oracle,Otsu,0.9925537109373486,0.6919191919148238,0.5289575289524232,0.5817409766392596,0.8535825545038382
benign_benign_142.png,benign,oracle,RegionGrowing,0.9907073974607864,0.09777777777632922,0.05140186915807785,0.9999999996969696,0.05140186915807785
benign_benign_142.png,benign,auto,Watershed,0.21774291992184178,0.02227562268756489,0.011263259402119332,0.011275872721653677,0.909657320858105
benign_benign_142.png,benign,auto,Otsu,0.5766906738280371,0.038405545927196395,0.01957873904438098,0.019639818491201205,0.8629283488962161
benign_benign_142.png,benign,auto,RegionGrowing,0.874832153320179,0.0,0.0,0.0,0.0
malignant_malignant_80.png,malignant,oracle,Watershed,0.8893890380858018,0.5906138815154511,0.419057541272304,0.4644697104277274,0.8108233834690483
malignant_malignant_80.png,malignant,oracle,Otsu,0.90080261230455,0.5037025727150899,0.33663265306088097,0.4960902255631638,0.5115521786315529
malignant_malignant_80.png,malignant,oracle,RegionGrowing,0.9036102294920496,0.04011548396894071,0.02046828965727947,0.9999999999242424,0.02046828965727947
malignant_malignant_80.png,malignant,auto,Watershed,0.3977966308593143,0.22163931839692697,0.12463125207937793,0.1269687041012028,0.871297875638283
malignant_malignant_80.png,malignant,auto,Otsu,0.6594696044920869,0.24130545639971399,0.1372071445139808,0.1545327875989922,0.5503178787400367
malignant_malignant_80.png,malignant,auto,RegionGrowing,0.8146972656248758,0.17083162638251342,0.09339305711079253,0.15261681102823882,0.1939835633428532
benign_benign_85.png,benign,oracle,Watershed,0.9015045166014249,0.6451932061778457,0.4762252515413208,0.5283103789715291,0.8284867306594742
benign_benign_85.png,benign,oracle,Otsu,0.9096679687498612,0.6262154312409229,0.45583233753060404,0.5664838930768031,0.7000282326359402
benign_benign_85.png,benign,oracle,RegionGrowing,0.8970947265623631,0.12438327707072919,0.0663159352068859,0.7750809061363255,0.06761716544315695
benign_benign_85.png,benign,auto,Watershed,0.10809326171873351,0.1950977692095573,0.10809326171873351,0.10809326171873351,0.9999999999985884
benign_benign_85.png,benign,auto,Otsu,0.47888183593742695,0.23791672245275186,0.13502013524804726,0.1412934004770365,0.7525409373224837
benign_benign_85.png,benign,auto,RegionGrowing,0.8909912109373641,0.0,0.0,0.0,0.0
benign_benign_414.png,benign,oracle,Watershed,0.7811126708983184,0.7304635388285207,0.5753781487728813,0.5879612825164586,0.9641386835965655
benign_benign_414.png,benign,oracle,Otsu,0.4470977783202443,0.28120846640608577,0.16360824504301097,0.2343140495866994,0.3515698626058471
benign_benign_414.png,benign,oracle,RegionGrowing,0.6970977783202061,0.030286747105646872,0.015376221417580787,0.9999999999677419,0.015376221417580787
benign_benign_414.png,benign,auto,Watershed,0.3076324462890156,0.47051822117454867,0.3076324462890156,0.3076324462890156,0.999999999999504
benign_benign_414.png,benign,auto,Otsu,0.2943267822265176,0.201798443190217,0.1122223715278229,0.1547461485520264,0.28996577550702346
benign_benign_414.png,benign,auto,RegionGrowing,0.6224060058592801,0.11119890812437641,0.05887274663419074,0.2015362582994382,0.0767819056594034
benign_benign_412.png,benign,oracle,Watershed,0.4010925292968138,0.5725425279344196,0.4010925292968138,0.4010925292968138,0.9999999999996195
benign_benign_412.png,benign,oracle,Otsu,0.6245117187499047,0.5851931764546247,0.413620549968924,0.5253949996971593,0.6603515179180323
benign_benign_412.png,benign,oracle,RegionGrowing,0.6007080078124084,0.00893803969095253,0.004489081640415244,0.9999999999152543,0.004489081640415244
benign_benign_412.png,benign,auto,Watershed,0.4010925292968138,0.5725425279344196,0.4010925292968138,0.4010925292968138,0.9999999999996195
benign_benign_412.png,benign,auto,Otsu,0.6245117187499047,0.5851931764546247,0.413620549968924,0.5253949996971593,0.6603515179180323
benign_benign_412.png,benign,auto,RegionGrowing,0.6239013671874049,0.18937051897645552,0.10458822247244356,0.6987864077652942,0.1095259834131821
normal_normal_6.png,normal,oracle,Watershed,1.0,1.0,1.0,1.0,1.0
normal_normal_6.png,normal,oracle,Otsu,1.0,1.0,1.0,1.0,1.0
normal_normal_6.png,normal,oracle,RegionGrowing,1.0,1.0,1.0,1.0,1.0
normal_normal_6.png,normal,auto,Watershed,0.2593231201171479,0.0,0.0,0.0,0.0
normal_normal_6.png,normal,auto,Otsu,0.6134948730467814,0.0,0.0,0.0,0.0
normal_normal_6.png,normal,auto,RegionGrowing,0.9318847656248579,0.0,0.0,0.0,0.0
benign_benign_251.png,benign,oracle,Watershed,0.9873504638670368,0.7445300462226672,0.5930289641600736,0.6491133798997899,0.87283236993589
benign_benign_251.png,benign,oracle,Otsu,0.9758758544920386,0.6091470951777277,0.4379665837168931,0.46298384065966564,0.8901734103981924
benign_benign_251.png,benign,oracle,RegionGrowing,0.9907073974607864,0.7230559345124009,0.5662393162352832,0.9754601226874177,0.5744219653137687
benign_benign_251.png,benign,auto,Watershed,0.021118164062496777,0.04136282127913309,0.021118164062496777,0.021118164062496777,0.9999999999927747
benign_benign_251.png,benign,auto,Otsu,0.43798828124993316,0.06127026200426617,0.03160330230845254,0.031755257317966884,0.8684971098203144
benign_benign_251.png,benign,auto,RegionGrowing,0.8692169189451799,0.13781309727377747,0.07400605012956567,0.08005141989005486,0.49494219652821575
malignant_malignant_24.png,malignant,oracle,Watershed,0.7654724121092582,0.6220987411485489,0.45148281645892313,0.47444215263436174,0.9031912615114562
malignant_malignant_24.png,malignant,oracle,Otsu,0.7872924804686299,0.6342743204951636,0.4644229291530412,0.5013895225847188,0.8629970728915092
malignant_malignant_24.png,malignant,oracle,RegionGrowing,0.8073577880858144,0.40579846566555006,0.2545465281056598,0.5954419889494538,0.3077746840863084
malignant_malignant_24.png,malignant,auto,Watershed,0.2137298583984049,0.352186867480438,0.2137298583984049,0.2137298583984049,0.999999999999286
malignant_malignant_24.png,malignant,auto,Otsu,0.6301422119139664,0.5004842864501803,0.3337639492055594,0.35178747320228526,0.8669236810160156
malignant_malignant_24.png,malignant,auto,RegionGrowing,0.7392272949217622,0.2707177605187886,0.156549205409063,0.3364803224776318,0.22645819947153104
malignant_malignant_170.png,malignant,oracle,Watershed,0.6698455810545854,0.6542118805234439,0.48611803823762356,0.491145558381607,0.9793770036839181
malignant_malignant_170.png,malignant,oracle,Otsu,0.6635284423827112,0.6038623910894452,0.4325235472745812,0.4834320888222737,0.8042011579497563
malignant_malignant_170.png,malignant,oracle,RegionGrowing,0.6861114501952078,0.21096237198411608,0.11791947172071612,0.5317092034019109,0.13158524331301422
malignant_malignant_170.png,malignant,auto,Watershed,0.31889343261713887,0.48357725458431383,0.31889343261713887,0.31889343261713887,0.9999999999995215
malignant_malignant_170.png,malignant,auto,Otsu,0.5670776367186635,0.526865223626634,0.35764902986249236,0.40435661811748935,0.7558734867693402
malignant_malignant_170.png,malignant,auto,RegionGrowing,0.6800079345702088,0.0362148995817656,0.01844137608236909,0.4581395348783937,0.018852576678300946
benign_benign_244.png,benign,oracle,Watershed,0.9866638183592245,0.7249842668322058,0.5686080947652092,0.6271094175251655,0.8590604026781578
benign_benign_244.png,benign,oracle,Otsu,0.9771881103514134,0.6167649320671194,0.4458858413623207,0.4699218749981644,0.8970917225883887
benign_benign_244.png,benign,oracle,RegionGrowing,0.9844512939451623,0.6333213386087322,0.4634017904135682,0.6119610570193884,0.6562266964902593
benign_benign_244.png,benign,auto,Watershed,0.020462036132809377,0.04010347354097222,0.020462036132809377,0.020462036132809377,0.999999999992543
benign_benign_244.png,benign,auto,Otsu,0.43370056152337133,0.05907258575664654,0.03043523695072093,0.030575822791446494,0.868754660694491
benign_benign_244.png,benign,auto,RegionGrowing,0.9435729980467311,0.0,0.0,0.0,0.0
malignant_malignant_183.png,malignant,oracle,Watershed,0.7737884521483195,0.6470490203079192,0.4782501583724649,0.48707838990627367,0.9634855360174677
malignant_malignant_183.png,malignant,oracle,Otsu,0.776565551757694,0.6135901834013423,0.4425748981687759,0.4886721869612506,0.8243051616556832
malignant_malignant_183.png,malignant,oracle,RegionGrowing,0.793365478515504,0.35019193857948644,0.2122622302366283,0.5417161520181982,0.2587209302323747
malignant_malignant_183.png,malignant,auto,Watershed,0.21520996093746717,0.35419387242587214,0.21520996093746717,0.21520996093746717,0.9999999999992909
malignant_malignant_183.png,malignant,auto,Otsu,0.612747192382719,0.4679566466110841,0.30544608648048566,0.33220227996537427,0.7913357912643283
malignant_malignant_183.png,malignant,auto,RegionGrowing,0.6707763671873976,0.31504761904751905,0.18697716482018728,0.2852379857436852,0.3518150879180716
benign_benign_52.png,benign,oracle,Watershed,0.9967651367185979,0.8162911611714361,0.689604685202202,0.9915789473475457,0.6936671575744673
benign_benign_52.png,benign,oracle,Otsu,0.9925537109373486,0.7112426035460874,0.5518824609683023,0.5944609297666226,0.8851251840812205
benign_benign_52.png,benign,oracle,RegionGrowing,0.9913024902342238,0.2766497461893826,0.1605301914556623,0.9999999999082569,0.1605301914556623
benign_benign_52.png,benign,auto,Watershed,0.01036071777343592,0.020508948123533866,0.01036071777343592,0.01036071777343592,0.9999999999852724
benign_benign_52.png,benign,auto,Otsu,0.4608459472655547,0.034748401901318164,0.017681401167634784,0.01770256353160083,0.9366715758330387
benign_benign_52.png,benign,auto,RegionGrowing,0.8641815185545557,0.0,0.0,0.0,0.0
malignant_malignant_19.png,malignant,oracle,Watershed,0.9293670654295457,0.8202679091435371,0.6953001579774254,0.7644376899690516,0.8848957024370571
malignant_malignant_19.png,malignant,oracle,Otsu,0.8138275146483134,0.6085031285093507,0.43730111146961337,0.4931350114413911,0.7943369355777881
malignant_malignant_19.png,malignant,oracle,RegionGrowing,0.809280395507689,0.3303509241894828,0.19785650109087546,0.4582342449458112,0.2582725978049273
malignant_malignant_19.png,malignant,auto,Watershed,0.18214416503903472,0.30815897151261623,0.18214416503903472,0.18214416503903472,0.9999999999991622
malignant_malignant_19.png,malignant,auto,Otsu,0.6095428466795945,0.42857461869979935,0.2727298564728513,0.2921690415295664,0.8038870738034649
malignant_malignant_19.png,malignant,auto,RegionGrowing,0.7786254882811312,0.30550502632824056,0.1802926719022655,0.3564168435157417,0.26732009717662114
normal_normal_85.png,normal,oracle,Watershed,1.0,1.0,1.0,1.0,1.0
normal_normal_85.png,normal,oracle,Otsu,1.0,1.0,1.0,1.0,1.0
normal_normal_85.png,normal,oracle,RegionGrowing,1.0,1.0,1.0,1.0,1.0
normal_normal_85.png,normal,auto,Watershed,0.0,0.0,0.0,0.0,0.0
normal_normal_85.png,normal,auto,Otsu,0.4809722900389891,0.0,0.0,0.0,0.0
normal_normal_85.png,normal,auto,RegionGrowing,0.8702087402342422,0.0,0.0,0.0,0.0
benign_benign_216.png,benign,oracle,Watershed,0.9767303466795385,0.811565550474717,0.6828862549372366,0.7638985810635871,0.865577227198562
benign_benign_216.png,benign,oracle,Otsu,0.9479064941404804,0.6732388973959865,0.507430385225065,0.5285542530800593,0.9269899841831128
benign_benign_216.png,benign,oracle,RegionGrowing,0.9489593505857927,0.47775175643953516,0.31384615384551007,0.5859823822267868,0.4032683183964068
benign_benign_216.png,benign,auto,Watershed,0.3427581787108852,0.14427336843148023,0.07774494689960652,0.07801723211790078,0.9570374275146099
benign_benign_216.png,benign,auto,Otsu,0.5715179443358503,0.09477450759160091,0.04974450949204773,0.05399052411207478,0.3874538745377242
benign_benign_216.png,benign,auto,RegionGrowing,0.9278869628904834,0.0,0.0,0.0,0.0
benign_benign_387.png,benign,oracle,Watershed,0.9863281249998496,0.9072271691852275,0.8302065567541592,0.8872012960694873,0.9281779660997285
benign_benign_387.png,benign,oracle,Otsu,0.9624176025389157,0.7890725357533707,0.65162659122963,0.662210723011841,0.9760593220318304
benign_benign_387.png,benign,oracle,RegionGrowing,0.9674987792967275,0.7091753140350776,0.5493970805996417,0.9973118279531593,0.550211864405614
benign_benign_387.png,benign,auto,Watershed,0.07202148437498901,0.1343657481211378,0.07202148437498901,0.07202148437498901,0.9999999999978814
benign_benign_387.png,benign,auto,Otsu,0.47146606445305306,0.2071869993132966,0.1155653150852529,0.11614062099047573,0.9588983050827142
benign_benign_387.png,benign,auto,RegionGrowing,0.8890991210936143,0.010618023414088459,0.005337347748726786,0.014851485148458297,0.008262711864389274
benign_benign_348.png,benign,oracle,Watershed,0.996002197265473,0.8320512820459485,0.7124039516936069,0.9999999999845917,0.7124039516936069
benign_benign_348.png,benign,oracle,Otsu,0.9956054687498481,0.8487394957938618,0.7372262773655364,0.8136958710894895,0.8869374313843366
benign_benign_348.png,benign,oracle,RegionGrowing,0.9882812499998492,0.5211970074780474,0.352445193926202,0.6031746031658993,0.4588364434636791
benign_benign_348.png,benign,auto,Watershed,0.4266815185546224,0.0027603046951713887,0.0013820598006640847,0.001414350214872052,0.057080131722754335
benign_benign_348.png,benign,auto,Otsu,0.5767974853514745,0.05305746184572602,0.027251683501673944,0.027380365071524637,0.8529088913188484
benign_benign_348.png,benign,auto,RegionGrowing,0.9764556884764135,0.0,0.0,0.0,0.0
malignant_malignant_10.png,malignant,oracle,Watershed,0.9942321777342233,0.8954646017674351,0.8107160741071071,0.9806178073835214,0.8239185750594203
malignant_malignant_10.png,malignant,oracle,Otsu,0.9740905761717265,0.6688767550688984,0.5024904775842295,0.5422067657270243,0.8727735368912327
malignant_malignant_10.png,malignant,oracle,RegionGrowing,0.970184326171727,0.011133603238810054,0.005597964376561843,0.999999999090909,0.005597964376561843
malignant_malignant_10.png,malignant,auto,Watershed,0.30387878417964115,0.0,0.0,0.0,0.0
malignant_malignant_10.png,malignant,auto,Otsu,0.45030212402336883,0.045973358756376696,0.02352749844143238,0.024248519387634306,0.44173027989597086
malignant_malignant_10.png,malignant,auto,RegionGrowing,0.85217285156237,0.0,0.0,0.0,0.0
normal_normal_112.png,normal,oracle,Watershed,1.0,1.0,1.0,1.0,1.0
normal_normal_112.png,normal,oracle,Otsu,1.0,1.0,1.0,1.0,1.0
normal_normal_112.png,normal,oracle,RegionGrowing,1.0,1.0,1.0,1.0,1.0
normal_normal_112.png,normal,auto,Watershed,0.0,0.0,0.0,0.0,0.0
normal_normal_112.png,normal,auto,Otsu,0.36276245117181966,0.0,0.0,0.0,0.0
normal_normal_112.png,normal,auto,RegionGrowing,0.9825439453123501,0.0,0.0,0.0,0.0
benign_benign_138.png,benign,oracle,Watershed,0.9989166259764101,0.8637236084287193,0.7601351351094549,0.9999999999555556,0.7601351351094549
benign_benign_138.png,benign,oracle,Otsu,0.9929199218748486,0.5265306122395252,0.3573407202166573,0.3771929824506258,0.8716216215921749
benign_benign_138.png,benign,oracle,RegionGrowing,0.9973907470701604,0.5938242280143985,0.4222972972830305,0.9999999999200001,0.4222972972830305
benign_benign_138.png,benign,auto,Watershed,0.004516601562499311,0.008992587191637959,0.004516601562499311,0.004516601562499311,0.9999999999662161
benign_benign_138.png,benign,auto,Otsu,0.48620605468742584,0.014054813773713384,0.007077140835100532,0.0070888468809052795,0.8108108107834185
benign_benign_138.png,benign,auto,RegionGrowing,0.7071380615233296,0.0,0.0,0.0,0.0
malignant_malignant_68.png,malignant,oracle,Watershed,0.658981323242087,0.617580123543297,0.4467384577298065,0.4472477632653976,0.9974574397518253
malignant_malignant_68.png,malignant,oracle,Otsu,0.6607818603514617,0.4849285234353966,0.32006973330061167,0.41744784395052953,0.5784324563339717
malignant_malignant_68.png,malignant,oracle,RegionGrowing,0.7857208251951926,0.36905243294227924,0.2262809917354125,0.9860744297695413,0.22700641167354244
malignant_malignant_68.png,malignant,auto,Watershed,0.5683441162108508,0.5549734925353478,0.3840576554606375,0.38788345244631384,0.9749613088652581
malignant_malignant_68.png,malignant,auto,Otsu,0.5497589111327287,0.3732982180404024,0.22948165556855218,0.3031285571383177,0.48573955339349667
malignant_malignant_68.png,malignant,auto,RegionGrowing,0.7306518554686385,0.2704579269299593,0.15637545402401243,0.5360419397107863,0.18085341587431966
normal_normal_70.png,normal,oracle,Watershed,1.0,1.0,1.0,1.0,1.0
normal_normal_70.png,normal,oracle,Otsu,1.0,1.0,1.0,1.0,1.0
normal_normal_70.png,normal,oracle,RegionGrowing,1.0,1.0,1.0,1.0,1.0
normal_normal_70.png,normal,auto,Watershed,0.0,0.0,0.0,0.0,0.0
normal_normal_70.png,normal,auto,Otsu,0.4041900634765008,0.0,0.0,0.0,0.0
normal_normal_70.png,normal,auto,RegionGrowing,0.8331146240233104,0.0,0.0,0.0,0.0
normal_normal_61.png,normal,oracle,Watershed,1.0,1.0,1.0,1.0,1.0
normal_normal_61.png,normal,oracle,Otsu,1.0,1.0,1.0,1.0,1.0
normal_normal_61.png,normal,oracle,RegionGrowing,1.0,1.0,1.0,1.0,1.0
normal_normal_61.png,normal,auto,Watershed,0.18670654296872152,0.0,0.0,0.0,0.0
normal_normal_61.png,normal,auto,Otsu,0.6984405517577059,0.0,0.0,0.0,0.0
normal_normal_61.png,normal,auto,RegionGrowing,0.8624725341795559,0.0,0.0,0.0,0.0
benign_benign_189.png,benign,oracle,Watershed,0.9972839355467229,0.8298279158620476,0.7091503267857981,0.9774774774554622,0.720930232546164
benign_benign_189.png,benign,oracle,Otsu,0.9903717041014114,0.6268480189200069,0.4565030146386176,0.48668503213510855,0.880398671081721
benign_benign_189.png,benign,oracle,RegionGrowing,0.9949493408201607,0.6745329400130331,0.5089020771437849,0.8265060240764697,0.5697674418510005
benign_benign_189.png,benign,auto,Watershed,0.2779235839843326,0.0012241452089486653,0.0006124474667904348,0.0006199495489331268,0.048172757474282846
benign_benign_189.png,benign,auto,Otsu,0.5302124023436691,0.012445470875028083,0.0062617003421321215,0.0063452606790062325,0.3222591362072714
benign_benign_189.png,benign,auto,RegionGrowing,0.8852996826170525,0.0,0.0,0.0,0.0
normal_normal_110.png,normal,oracle,Watershed,1.0,1.0,1.0,1.0,1.0
normal_normal_110.png,normal,oracle,Otsu,1.0,1.0,1.0,1.0,1.0
normal_normal_110.png,normal,oracle,RegionGrowing,1.0,1.0,1.0,1.0,1.0
normal_normal_110.png,normal,auto,Watershed,0.0,0.0,0.0,0.0,0.0
normal_normal_110.png,normal,auto,Otsu,0.3809204101561919,0.0,0.0,0.0,0.0
normal_normal_110.png,normal,auto,RegionGrowing,0.7392730712889497,0.0,0.0,0.0,0.0
benign_benign_151.png,benign,oracle,Watershed,0.9974822998045353,0.8335015136141927,0.7145328719599562,0.9927884615145964,0.7182608695527258
benign_benign_151.png,benign,oracle,Otsu,0.9894561767576615,0.6098249576476013,0.4386677497933496,0.45150501671863297,0.939130434766276
benign_benign_151.png,benign,oracle,RegionGrowing,0.996490478515473,0.7499999999918479,0.5999999999895652,0.9999999999710145,0.5999999999895652
benign_benign_151.png,benign,auto,Watershed,0.3131866455077647,0.021308516883733492,0.010768994088039654,0.01078914919851797,0.8521739130286579
benign_benign_151.png,benign,auto,Otsu,0.5310516357421065,0.03400911519722332,0.0172987145871915,0.017317541613310717,0.9408695652010284
benign_benign_151.png,benign,auto,RegionGrowing,0.8330688476561229,0.0,0.0,0.0,0.0
malignant_malignant_71.png,malignant,oracle,Watershed,0.579910278320224,0.5290384385102676,0.3596548355583664,0.36018261862049333,0.9959422903510267
malignant_malignant_71.png,malignant,oracle,Otsu,0.7091064453123919,0.5839734636870234,0.4124029096287719,0.44161330780895053,0.8617802395975385
malignant_malignant_71.png,malignant,oracle,RegionGrowing,0.8300933837889358,0.4409298589142738,0.2828159216795808,0.9999999999977226,0.2828159216795808
malignant_malignant_71.png,malignant,auto,Watershed,0.23690795898433886,0.38306481458631875,0.23690795898433886,0.23690795898433886,0.9999999999993558
malignant_malignant_71.png,malignant,auto,Otsu,0.4941253662108621,0.45334476561075515,0.293113006396526,0.30466966600910783,0.8854180085012975
malignant_malignant_71.png,malignant,auto,RegionGrowing,0.8320770263670606,0.4510400558684835,0.2911889733348633,0.9999999999977881,0.2911889733348633
benign_benign_256.png,benign,oracle,Watershed,0.9594268798826662,0.7996684999617271,0.6662063771018502,0.7561983471063605,0.8484412470010416
benign_benign_256.png,benign,oracle,Otsu,0.8239288330076868,0.43835483085887644,0.2807006607653156,0.3151154653601714,0.7199040767374582
benign_benign_256.png,benign,oracle,RegionGrowing,0.9057006835936119,0.023696682464417543,0.011990407673841743,0.9999999998666668,0.011990407673841743
benign_benign_256.png,benign,auto,Watershed,0.1427612304687282,0.18212257970589865,0.10018419155920555,0.10018419155920555,0.9999999999984013
benign_benign_256.png,benign,auto,Otsu,0.511993408203047,0.09914934369891862,0.05216051212137628,0.06017711218242548,0.28137490007948623
benign_benign_256.png,benign,auto,RegionGrowing,0.780242919921756,0.0,0.0,0.0,0.0
normal_normal_109.png,normal,oracle,Watershed,1.0,1.0,1.0,1.0,1.0
normal_normal_109.png,normal,oracle,Otsu,1.0,1.0,1.0,1.0,1.0
normal_normal_109.png,normal,oracle,RegionGrowing,1.0,1.0,1.0,1.0,1.0
normal_normal_109.png,normal,auto,Watershed,0.0,0.0,0.0,0.0,0.0
normal_normal_109.png,normal,auto,Otsu,0.3906555175780654,0.0,0.0,0.0,0.0
normal_normal_109.png,normal,auto,RegionGrowing,0.658462524413962,0.0,0.0,0.0,0.0
normal_normal_12.png,normal,oracle,Watershed,1.0,1.0,1.0,1.0,1.0
normal_normal_12.png,normal,oracle,Otsu,1.0,1.0,1.0,1.0,1.0
normal_normal_12.png,normal,oracle,RegionGrowing,1.0,1.0,1.0,1.0,1.0
normal_normal_12.png,normal,auto,Watershed,0.46340942382805433,0.0,0.0,0.0,0.0
normal_normal_12.png,normal,auto,Otsu,0.7099609374998918,0.0,0.0,0.0,0.0
normal_normal_12.png,normal,auto,RegionGrowing,0.9182434082029849,0.0,0.0,0.0,0.0
malignant_malignant_175.png,malignant,oracle,Watershed,0.6830291748045834,0.5740182507945096,0.4025424947509556,0.4033429394811518,0.9950942054738747
malignant_malignant_175.png,malignant,oracle,Otsu,0.76976013183582,0.612993408397083,0.44195421428290915,0.47945755095471054,0.8496267330246359
malignant_malignant_175.png,malignant,oracle,RegionGrowing,0.8399200439451844,0.48087485773641403,0.31654723127015205,0.7908528645820462,0.3454674724490967
malignant_malignant_175.png,malignant,auto,Watershed,0.21461486816402975,0.3533875202572388,0.21461486816402975,0.21461486816402975,0.999999999999289
malignant_malignant_175.png,malignant,auto,Otsu,0.5069122314452352,0.4198904945695324,0.26573506021352744,0.28085975024008625,0.8314966228220181
malignant_malignant_175.png,malignant,auto,RegionGrowing,0.7281646728514515,0.33414315081280727,0.2005833520304238,0.35224586288388315,0.31781016708118176
malignant_malignant_48.png,malignant,oracle,Watershed,0.9874114990232868,0.8433643440272577,0.7291529875222287,0.9999999999954976,0.7291529875222287
malignant_malignant_48.png,malignant,oracle,Otsu,0.9796752929686006,0.7932319155529444,0.6573192693577121,0.752355712600847,0.8388049901482639
malignant_malignant_48.png,malignant,oracle,RegionGrowing,0.9696960449217271,0.5207528957516391,0.3520391517117389,0.9826958105557132,0.3542350623757248
malignant_malignant_48.png,malignant,auto,Watershed,0.04647827148436791,0.08882797235424911,0.04647827148436791,0.04647827148436791,0.9999999999967171
malignant_malignant_48.png,malignant,auto,Otsu,0.4889373779296129,0.11732771116085985,0.0623197737898423,0.06378406258057143,0.7307944845675286
malignant_malignant_48.png,malignant,auto,RegionGrowing,0.8408355712889343,0.0,0.0,0.0,0.0
benign_benign_377.png,benign,oracle,Watershed,0.9944610595701608,0.8715044247756761,0.7722710163063221,0.8774055595090706,0.8656821378279489
benign_benign_377.png,benign,oracle,Otsu,0.9853820800779747,0.7148809523788248,0.5562760537260015,0.6197110423084639,0.8445850914145951
benign_benign_377.png,benign,oracle,RegionGrowing,0.9838714599607874,0.6163339382917737,0.4454354669441478,0.6369092273020488,0.5970464134979111
benign_benign_377.png,benign,auto,Watershed,0.5452423095702293,0.0,0.0,0.0,0.0
benign_benign_377.png,benign,auto,Otsu,0.6077880859374073,0.0,0.0,0.0,0.0
benign_benign_377.png,benign,auto,RegionGrowing,0.9217834472654843,0.0,0.0,0.0,0.0
malignant_malignant_107.png,malignant,oracle,Watershed,0.9235382080076716,0.690659917278418,0.5274870344172301,0.6793781880001464,0.7023226616438137
malignant_malignant_107.png,malignant,oracle,Otsu,0.8157348632811255,0.38033661740538777,0.23482448358874994,0.321617634296345,0.46528562460707434
malignant_malignant_107.png,malignant,oracle,RegionGrowing,0.8819122314451779,0.05518251739707584,0.028374136848677498,0.9999999999557522,0.028374136848677498
malignant_malignant_107.png,malignant,auto,Watershed,0.16210937499997527,0.22486660455658722,0.12667589102531504,0.12667589102531504,0.9999999999987446
malignant_malignant_107.png,malignant,auto,Otsu,0.5349121093749184,0.15609945179684478,0.08465719691279479,0.10013142471491487,0.35392341493991974
malignant_malignant_107.png,malignant,auto,RegionGrowing,0.8753051757811164,0.0,0.0,0.0,0.0
normal_normal_65.png,normal,oracle,Watershed,1.0,1.0,1.0,1.0,1.0
normal_normal_65.png,normal,oracle,Otsu,1.0,1.0,1.0,1.0,1.0
normal_normal_65.png,normal,oracle,RegionGrowing,1.0,1.0,1.0,1.0,1.0
normal_normal_65.png,normal,auto,Watershed,0.0,0.0,0.0,0.0,0.0
normal_normal_65.png,normal,auto,Otsu,0.3689575195311937,0.0,0.0,0.0,0.0
normal_normal_65.png,normal,auto,RegionGrowing,0.6768646240233342,0.0,0.0,0.0,0.0
normal_normal_43.png,normal,oracle,Watershed,1.0,1.0,1.0,1.0,1.0
normal_normal_43.png,normal,oracle,Otsu,1.0,1.0,1.0,1.0,1.0
normal_normal_43.png,normal,oracle,RegionGrowing,1.0,1.0,1.0,1.0,1.0
normal_normal_43.png,normal,auto,Watershed,0.0,0.0,0.0,0.0,0.0
normal_normal_43.png,normal,auto,Otsu,0.4496154785155564,0.0,0.0,0.0,0.0
normal_normal_43.png,normal,auto,RegionGrowing,0.6643829345702111,0.0,0.0,0.0,0.0
benign_benign_64.png,benign,oracle,Watershed,0.44869995117180655,0.6194518758820523,0.44869995117180655,0.44869995117180655,0.9999999999996599
benign_benign_64.png,benign,oracle,Otsu,0.44480895996086967,0.46275378368394793,0.3010277591008931,0.40893551501855246,0.5328844453511076
benign_benign_64.png,benign,oracle,RegionGrowing,0.5534667968749156,0.009611479626367398,0.0048289464735071655,0.9999999999295774,0.0048289464735071655
benign_benign_64.png,benign,auto,Watershed,0.44869995117180655,0.6194518758820523,0.44869995117180655,0.44869995117180655,0.9999999999996599
benign_benign_64.png,benign,auto,Otsu,0.4383850097655581,0.4525360702066856,0.2924372332653519,0.4021785109982017,0.5173093926407817
benign_benign_64.png,benign,auto,RegionGrowing,0.5914459228514722,0.16612164813598487,0.09058487874461973,0.9866814650351955,0.0906957763721381
benign_benign_27.png,benign,oracle,Watershed,0.9975585937498478,0.9139784946187421,0.8415841584075091,0.9872241579443992,0.8508508508423338
benign_benign_27.png,benign,oracle,Otsu,0.9980926513670353,0.9338274219114144,0.8758689175682635,0.9910112359439213,0.8828828828740453
benign_benign_27.png,benign,oracle,RegionGrowing,0.9890441894529741,0.4390624999965699,0.28128128127846563,0.9999999999644128,0.28128128127846563
benign_benign_27.png,benign,auto,Watershed,0.5853118896483482,0.0,0.0,0.0,0.0
benign_benign_27.png,benign,auto,Otsu,0.7337799072264506,0.0,0.0,0.0,0.0
benign_benign_27.png,benign,auto,RegionGrowing,0.9690246582029772,0.0,0.0,0.0,0.0
malignant_malignant_101.png,malignant,oracle,Watershed,0.957153320312354,0.8383791872908724,0.7217322366458014,0.8790585395282087,0.8012982726363721
malignant_malignant_101.png,malignant,oracle,Otsu,0.8514556884764326,0.594493272795187,0.4229743346568532,0.47834830406188605,0.7851248762231432
malignant_malignant_101.png,malignant,oracle,RegionGrowing,0.865203857421743,0.05458047945199638,0.028055891737233954,0.9999999999607843,0.028055891737233954
malignant_malignant_101.png,malignant,auto,Watershed,0.4640960693358667,0.3152332858897005,0.18710797361412174,0.19156398104260863,0.8894267796227423
malignant_malignant_101.png,malignant,auto,Otsu,0.6315612792967786,0.3427871529667004,0.20684558026468913,0.22773136595413268,0.6928154912524008
malignant_malignant_101.png,malignant,auto,RegionGrowing,0.7557678222655098,0.0,0.0,0.0,0.0
benign_benign_78.png,benign,oracle,Watershed,0.996154785156098,0.8380462724881874,0.7212389380451191,0.9327610872541808,0.7607934655687189
benign_benign_78.png,benign,oracle,Otsu,0.996063232421723,0.8445783132479243,0.7309697601592182,0.8729763387188919,0.8179696616007238
benign_benign_78.png,benign,oracle,RegionGrowing,0.989776611327974,0.3667296786354752,0.22453703703443822,0.9651741293052152,0.22637106184099917
benign_benign_78.png,benign,auto,Watershed,0.5426177978514797,0.0,0.0,0.0,0.0
benign_benign_78.png,benign,auto,Otsu,0.6442108154295892,0.0006857240817723029,0.00034297963558399015,0.00035593521978983985,0.00933488914808244
benign_benign_78.png,benign,auto,RegionGrowing,0.9812622070311003,0.0,0.0,0.0,0.0
benign_benign_9.png,benign,oracle,Watershed,0.9930419921873486,0.9678193366259931,0.937645289209712,0.9927609671333535,0.9441002340617595
benign_benign_9.png,benign,oracle,Otsu,0.9678344726561023,0.869796170475065,0.7695923051691227,0.7887308166228422,0.9694341181316681
benign_benign_9.png,benign,oracle,RegionGrowing,0.9779205322264133,0.8893646303227392,0.8007710312532001,0.9999999999982806,0.8007710312532001
benign_benign_9.png,benign,auto,Watershed,0.1108245849609206,0.19953570790804825,0.1108245849609206,0.1108245849609206,0.9999999999986232
benign_benign_9.png,benign,auto,Otsu,0.495071411132737,0.2991719084227505,0.1758977934950003,0.17677829503925097,0.9724631694878528
benign_benign_9.png,benign,auto,RegionGrowing,0.8533020019529949,0.0,0.0,0.0,0.0
benign_benign_342.png,benign,oracle,Watershed,0.9049835205076745,0.8347355290743294,0.7163485628384656,0.7167730173196368,0.9991740263034505
benign_benign_342.png,benign,oracle,Otsu,0.7754821777342567,0.6610926847243733,0.4937553758814747,0.5185171803300508,0.9118114238509994
benign_benign_342.png,benign,oracle,RegionGrowing,0.8741149902342417,0.6890547263678994,0.5256166982919178,0.8469378300742638,0.5807865811038943
benign_benign_342.png,benign,auto,Watershed,0.24015808105465086,0.38730236850195177,0.24015808105465086,0.24015808105465086,0.9999999999993646
benign_benign_342.png,benign,auto,Otsu,0.5873107910155354,0.5005908855896852,0.33385877195134755,0.35283858708375127,0.8612364190857987
benign_benign_342.png,benign,auto,RegionGrowing,0.8099060058592514,0.5575365819006401,0.3865169645932996,0.6321172585965755,0.4986975030176639
benign_benign_336.png,benign,oracle,Watershed,0.9808502197264128,0.7729328749759853,0.6299026835723094,0.7292591328073429,0.822170900689676
benign_benign_336.png,benign,oracle,Otsu,0.9443969726561059,0.4463688848367573,0.2873068648537311,0.36872489959746807,0.5654349499593324
benign_benign_336.png,benign,oracle,RegionGrowing,0.9716796874998518,0.44431137724417874,0.2856043110073687,0.9999999999865229,0.2856043110073687
benign_benign_336.png,benign,auto,Watershed,0.039642333984368956,0.07626148472127334,0.039642333984368956,0.039642333984368956,0.999999999996151
benign_benign_336.png,benign,auto,Otsu,0.4865722656249258,0.06761250277098549,0.034989101755180975,0.03642878471184341,0.469591993839609
benign_benign_336.png,benign,auto,RegionGrowing,0.8028259277342525,0.0,0.0,0.0,0.0
malignant_malignant_167.png,malignant,oracle,Watershed,0.9446105957029809,0.882569875776112,0.7898210873714377,0.8363067868304602,0.9342510786926003
malignant_malignant_167.png,malignant,oracle,Otsu,0.8547973632811197,0.7294131028205388,0.574075731805311,0.6236203627166705,0.8784329840415872
malignant_malignant_167.png,malignant,oracle,RegionGrowing,0.7819213867186308,0.2432489674890166,0.13846524805585722,0.5360560093336382,0.157317991918254
malignant_malignant_167.png,malignant,auto,Watershed,0.22279357910152853,0.3644009633502172,0.22279357910152853,0.22279357910152853,0.9999999999993151
malignant_malignant_167.png,malignant,auto,Otsu,0.6534576416014628,0.5304831407247048,0.3609915309078639,0.37992300858739125,0.8787069378803652
malignant_malignant_167.png,malignant,auto,RegionGrowing,0.8151245117186257,0.29088142338739853,0.17019382234081898,0.9999999999959759,0.17019382234081898
benign_benign_280.png,benign,oracle,Watershed,0.9827423095701626,0.8468517264714328,0.7343823391246257,0.8231113450886467,0.8720022308955048
benign_benign_280.png,benign,oracle,Otsu,0.9446258544920434,0.6465374500821598,0.4776914219912526,0.49678191887367645,0.9255437813694213
benign_benign_280.png,benign,oracle,RegionGrowing,0.9672241210936025,0.6067374588051873,0.4354796320619304,0.8832622601232236,0.4620747350795815
benign_benign_280.png,benign,auto,Watershed,0.05471801757811665,0.10375857180056947,0.05471801757811665,0.05471801757811665,0.9999999999972115
benign_benign_280.png,benign,auto,Otsu,0.4482116699218066,0.152956057340918,0.08281127146369675,0.08349102439521212,0.9104852202986322
benign_benign_280.png,benign,auto,RegionGrowing,0.8861236572264273,0.0029392117568431005,0.0014717687984995027,0.0028212362144067167,0.0030674846625681333
benign_benign_310.png,benign,oracle,Watershed,0.960983276367041,0.7347235190364823,0.5806821908813042,0.7211812627276555,0.748784098116412
benign_benign_310.png,benign,oracle,Otsu,0.901077270507675,0.49654422613924315,0.3302685950409811,0.3923662248399701,0.676041446393157
benign_benign_310.png,benign,oracle,RegionGrowing,0.9369659423826696,0.22451661347808427,0.1264537957282164,0.9999999999832776,0.1264537957282164
benign_benign_310.png,benign,auto,Watershed,0.0721588134765515,0.1346047107379016,0.0721588134765515,0.0721588134765515,0.9999999999978854
benign_benign_310.png,benign,auto,Otsu,0.3658447265624442,0.12335470806612316,0.06573149896590556,0.06851144591015054,0.618312539647667
benign_benign_310.png,benign,auto,RegionGrowing,0.7984161376951907,0.0,0.0,0.0,0.0
normal_normal_47.png,normal,oracle,Watershed,1.0,1.0,1.0,1.0,1.0
normal_normal_47.png,normal,oracle,Otsu,1.0,1.0,1.0,1.0,1.0
normal_normal_47.png,normal,oracle,RegionGrowing,1.0,1.0,1.0,1.0,1.0
normal_normal_47.png,normal,auto,Watershed,0.6024322509764706,0.0,0.0,0.0,0.0
normal_normal_47.png,normal,auto,Otsu,0.6832885742186458,0.0,0.0,0.0,0.0
normal_normal_47.png,normal,auto,RegionGrowing,0.8334045410154979,0.0,0.0,0.0,0.0
benign_benign_326.png,benign,oracle,Watershed,0.9926605224607861,0.9632009792663428,0.9290141676491602,0.9753641152758361,0.9513374641061639
benign_benign_326.png,benign,oracle,Otsu,0.9732818603514141,0.8800274066455087,0.7857579836035902,0.8049636500365944,0.970530451864938
benign_benign_326.png,benign,oracle,RegionGrowing,0.9830932617186,0.9086712825577739,0.832628398790283,0.9994560290099738,0.8330058939083679
benign_benign_326.png,benign,auto,Watershed,0.1009674072265471,0.18341579698693286,0.1009674072265471,0.1009674072265471,0.9999999999984888
benign_benign_326.png,benign,auto,Otsu,0.45614624023430544,0.2666556931812957,0.15383884905746315,0.15434083601282497,0.979295753361071
benign_benign_326.png,benign,auto,RegionGrowing,0.4995727539061738,0.0,0.0,0.0,0.0
normal_normal_32.png,normal,oracle,Watershed,1.0,1.0,1.0,1.0,1.0
normal_normal_32.png,normal,oracle,Otsu,1.0,1.0,1.0,1.0,1.0
normal_normal_32.png,normal,oracle,RegionGrowing,1.0,1.0,1.0,1.0,1.0
normal_normal_32.png,normal,auto,Watershed,0.6862335205077078,0.0,0.0,0.0,0.0
normal_normal_32.png,normal,auto,Otsu,0.7863464355467551,0.0,0.0,0.0,0.0
normal_normal_32.png,normal,auto,RegionGrowing,0.9688262939451647,0.0,0.0,0.0,0.0
malignant_malignant_91.png,malignant,oracle,Watershed,0.7558593749998846,0.5431964826127611,0.37286873358665273,0.38088565022406273,0.9465671641781626
malignant_malignant_91.png,malignant,oracle,Otsu,0.8101348876951889,0.5452950849623441,0.37484927652714284,0.4308980652610852,0.7423880597007538
malignant_malignant_91.png,malignant,oracle,RegionGrowing,0.8595733642576814,0.38927599707983984,0.24167765326281995,0.5843793584367715,0.2918407960196101
malignant_malignant_91.png,malignant,auto,Watershed,0.1533508300781016,0.26592226073608,0.1533508300781016,0.1533508300781016,0.9999999999990049
malignant_malignant_91.png,malignant,auto,Otsu,0.5046997070311731,0.25492356424729035,0.14608160366186673,0.16568206229855423,0.552537313432286
malignant_malignant_91.png,malignant,auto,RegionGrowing,0.8024291992186275,0.09251471825056594,0.04850088183417953,0.15647226173504866,0.06567164179097942
normal_normal_80.png,normal,oracle,Watershed,1.0,1.0,1.0,1.0,1.0
normal_normal_80.png,normal,oracle,Otsu,1.0,1.0,1.0,1.0,1.0
normal_normal_80.png,normal,oracle,RegionGrowing,1.0,1.0,1.0,1.0,1.0
normal_normal_80.png,normal,auto,Watershed,0.0,0.0,0.0,0.0,0.0
normal_normal_80.png,normal,auto,Otsu,0.49389648437492467,0.0,0.0,0.0,0.0
normal_normal_80.png,normal,auto,RegionGrowing,0.8496398925779954,0.0,0.0,0.0,0.0
benign_benign_271.png,benign,oracle,Watershed,0.9712371826170394,0.6718885987803797,0.5058977719514918,0.5321202095380972,0.9112370160485778
benign_benign_271.png,benign,oracle,Otsu,0.9709930419920394,0.6675992306335591,0.5010498687650892,0.5301305192987222,0.9013220018843187
benign_benign_271.png,benign,oracle,RegionGrowing,0.9823150634764126,0.6830735575589744,0.518687707639042,0.8115659519115558,0.5897072710076029
benign_benign_271.png,benign,auto,Watershed,0.36941528320306866,0.0929722136868239,0.04875241690450954,0.04875241690450954,0.9999999999952787
benign_benign_271.png,benign,auto,Otsu,0.5525207519530407,0.11902186974281453,0.0632765835116545,0.06355470003206173,0.9353163361617786
benign_benign_271.png,benign,auto,RegionGrowing,0.915145874023298,0.0,0.0,0.0,0.0
benign_benign_146.png,benign,oracle,Watershed,0.9974975585935978,0.7122807017418898,0.5531335149713043,0.9950980391669069,0.5546448087280151
benign_benign_146.png,benign,oracle,Otsu,0.9915466308592238,0.532883642491291,0.3632183908004228,0.385365853653837,0.8633879781184867
benign_benign_146.png,benign,oracle,RegionGrowing,0.9964141845701605,0.5271629778565963,0.3579234972579802,0.9999999999236641,0.3579234972579802
benign_benign_146.png,benign,auto,Watershed,0.005584716796874148,0.011107401899788913,0.005584716796874148,0.005584716796874148,0.9999999999726775
benign_benign_146.png,benign,auto,Otsu,0.5434265136717921,0.01695249359352883,0.008548707753476293,0.00857940941739539,0.7049180327676252
benign_benign_146.png,benign,auto,RegionGrowing,0.7832336425780055,0.0,0.0,0.0,0.0
benign_benign_426.png,benign,oracle,Watershed,0.7033081054686428,0.6759225307509124,0.5104856373201807,0.5104856373201807,0.9999999999995068
benign_benign_426.png,benign,oracle,Otsu,0.6508026123045882,0.4659401180834833,0.3037300718022686,0.4422344289889066,0.4923312127038061
benign_benign_426.png,benign,oracle,RegionGrowing,0.7368011474608251,0.4638338876626577,0.30194253338717036,0.6272910711277725,0.3679538393251625
benign_benign_426.png,benign,auto,Watershed,0.18673706054684652,0.04926864074205329,0.025256497009816338,0.038593745633390554,0.06810672190162839
benign_benign_426.png,benign,auto,Otsu,0.39164733886712777,0.046629522465853654,0.023871315248255837,0.04526042150216077,0.04808403609999108
benign_benign_426.png,benign,auto,RegionGrowing,0.547256469726479,0.0,0.0,0.0,0.0
normal_normal_105.png,normal,oracle,Watershed,1.0,1.0,1.0,1.0,1.0
normal_normal_105.png,normal,oracle,Otsu,1.0,1.0,1.0,1.0,1.0
normal_normal_105.png,normal,oracle,RegionGrowing,1.0,1.0,1.0,1.0,1.0
normal_normal_105.png,normal,auto,Watershed,0.0,0.0,0.0,0.0,0.0
normal_normal_105.png,normal,auto,Otsu,0.4680786132811786,0.0,0.0,0.0,0.0
normal_normal_105.png,normal,auto,RegionGrowing,0.7031402587889553,0.0,0.0,0.0,0.0
malignant_malignant_82.png,malignant,oracle,Watershed,0.9304962158201705,0.6967982426940712,0.5346817856772553,0.7214334941409767,0.673789907311182
malignant_malignant_82.png,malignant,oracle,Otsu,0.8360290527342474,0.4740088105724552,0.31062355658178686,0.38240404359470664,0.6233264675584149
malignant_malignant_82.png,malignant,oracle,RegionGrowing,0.9004516601561127,0.42101526446537,0.26663669064718226,0.6777142857123494,0.30535530381011156
malignant_malignant_82.png,malignant,auto,Watershed,0.11853027343748192,0.21193932118298975,0.11853027343748192,0.11853027343748192,0.9999999999987127
malignant_malignant_82.png,malignant,auto,Otsu,0.4268951416014974,0.18341124035217232,0.10096464561837831,0.1103408585554424,0.5429969104009488
malignant_malignant_82.png,malignant,auto,RegionGrowing,0.5493774414061662,6.771856165772745e-05,3.3860427318581295e-05,4.594321418724343e-05,0.00012873326467542645
malignant_malignant_1.png,malignant,oracle,Watershed,0.3385009765624484,0.505791153670713,0.3385009765624484,0.3385009765624484,0.9999999999995491
malignant_malignant_1.png,malignant,oracle,Otsu,0.7335052490233256,0.6839200072390401,0.5196644664465018,0.5713464969306731,0.8517399927872107
malignant_malignant_1.png,malignant,oracle,RegionGrowing,0.7345123291014505,0.3790285163637606,0.233827997710056,0.9100257069393145,0.23936170212755167
malignant_malignant_1.png,malignant,auto,Watershed,0.3385009765624484,0.505791153670713,0.3385009765624484,0.3385009765624484,0.9999999999995491
malignant_malignant_1.png,malignant,auto,Otsu,0.7149505615233285,0.6663332559342944,0.4996250066961752,0.5518149276689785,0.8408312297147309
malignant_malignant_1.png,malignant,auto,RegionGrowing,0.6641235351561486,0.015387368044365992,0.00775333573746495,0.9999999999418604,0.00775333573746495
benign_benign_316.png,benign,oracle,Watershed,0.7347412109373879,0.7270100502511422,0.5711043126417223,0.5711043126417223,0.999999999999568
benign_benign_316.png,benign,oracle,Otsu,0.5760650634764746,0.41984589362892943,0.26569933396757967,0.40632957439052325,0.434292379471041
benign_benign_316.png,benign,oracle,RegionGrowing,0.6986236572264559,0.48553046286877516,0.3205944067970415,0.6114281965488345,0.40262657680991765
benign_benign_316.png,benign,auto,Watershed,0.177062988281223,0.07984713028047502,0.04158373613874723,0.06598240469206351,0.10108864696729691
benign_benign_316.png,benign,auto,Otsu,0.3525848388671337,0.04690343015026913,0.024014905803596713,0.048855819177290066,0.045101088646947854
benign_benign_316.png,benign,auto,RegionGrowing,0.4582977294921176,0.0,0.0,0.0,0.0
benign_benign_147.png,benign,oracle,Watershed,0.9953613281248481,0.8109452736267977,0.6820083681937028,0.9602356406338699,0.7018299246426067
benign_benign_147.png,benign,oracle,Otsu,0.989501953124849,0.6482617586878924,0.47957639939122865,0.6173320350475431,0.6824542518763999
benign_benign_147.png,benign,oracle,RegionGrowing,0.9877624511717243,0.3988005996971605,0.249063670409653,0.6567901234405731,0.28632938643394695
benign_benign_147.png,benign,auto,Watershed,0.014175415039060337,0.027954562551714746,0.014175415039060337,0.014175415039060337,0.9999999999892357
benign_benign_147.png,benign,auto,Otsu,0.48718261718742567,0.04174270072991511,0.021316249271979816,0.021439240839990208,0.7879440258257487
benign_benign_147.png,benign,auto,RegionGrowing,0.9824523925779751,0.0,0.0,0.0,0.0
malignant_malignant_39.png,malignant,oracle,Watershed,0.8964385986326757,0.689197234051981,0.525782560089068,0.5543278084710465,0.9107964173312626
malignant_malignant_39.png,malignant,oracle,Otsu,0.8690643310545549,0.6176876809977199,0.4468510281696339,0.4887541422826702,0.8390220285634966
malignant_malignant_39.png,malignant,oracle,RegionGrowing,0.9100036621092362,0.45358532518023564,0.2933141624726895,0.9668246445459446,0.2962962962959376
malignant_malignant_39.png,malignant,auto,Watershed,0.12606811523435577,0.22390850700557957,0.12606811523435577,0.12606811523435577,0.9999999999987895
malignant_malignant_39.png,malignant,auto,Otsu,0.481918334960864,0.2527126664465164,0.14463143044285168,0.15444005057430005,0.6948680706842231
malignant_malignant_39.png,malignant,auto,RegionGrowing,0.861465454101431,0.0,0.0,0.0,0.0
benign_benign_295.png,benign,oracle,Watershed,0.9893951416014116,0.8958177184816433,0.8112951398294562,0.97328990227696,0.8297695084675653
benign_benign_295.png,benign,oracle,Otsu,0.9732818603514141,0.7812617114293801,0.6410414104127901,0.7100363306069255,0.8683698972483522
benign_benign_295.png,benign,oracle,RegionGrowing,0.963745117187353,0.5076668048062419,0.3401832824206049,0.9999999999918369,0.3401832824206049
benign_benign_295.png,benign,auto,Watershed,0.05494689941405412,0.10416998134137956,0.05494689941405412,0.05494689941405412,0.999999999997223
benign_benign_295.png,benign,auto,Otsu,0.5098266601561722,0.16569707043419757,0.09033244605536322,0.09139615505827826,0.8858650374871262
benign_benign_295.png,benign,auto,RegionGrowing,0.8555908203123694,0.0008445945945937029,0.00042247570764636404,0.0006813149378288515,0.0011108025548427914
malignant_malignant_176.png,malignant,oracle,Watershed,0.9340362548826701,0.7433964504061593,0.5915918752946702,0.6359297247886301,0.8945714285701506
malignant_malignant_176.png,malignant,oracle,Otsu,0.8846130371092401,0.5968223501809571,0.4253362717528495,0.47609731201048305,0.7995714285702863
malignant_malignant_176.png,malignant,oracle,RegionGrowing,0.9070281982420492,0.35964266946888107,0.21924654023549559,0.6803180914485872,0.24442857142822225
malignant_malignant_176.png,malignant,auto,Watershed,0.10681152343748371,0.1930076100143111,0.10681152343748371,0.10681152343748371,0.9999999999985715
malignant_malignant_176.png,malignant,auto,Otsu,0.4843444824218011,0.15797079782723927,0.08575911697865876,0.09567211927322519,0.4528571428564959
malignant_malignant_176.png,malignant,auto,RegionGrowing,0.8891296386717393,0.0,0.0,0.0,0.0
benign_benign_41.png,benign,oracle,Watershed,0.9426116943357937,0.727759681505083,0.5720300409643012,0.6298709434900014,0.8616729516611902
benign_benign_41.png,benign,oracle,Otsu,0.9129638671873608,0.6475966884958312,0.4788487894011157,0.5062789799067752,0.8983544737728859
benign_benign_41.png,benign,oracle,RegionGrowing,0.9436492919920435,0.5369278996858471,0.3669866300987882,0.9999999999953293,0.3669866300987882
benign_benign_41.png,benign,auto,Watershed,0.08901977539061141,0.16348605856800288,0.08901977539061141,0.08901977539061141,0.9999999999982859
benign_benign_41.png,benign,auto,Otsu,0.5489349365233538,0.2606237963031789,0.1498375082683415,0.15257562889854087,0.893040795336145
benign_benign_41.png,benign,auto,RegionGrowing,0.7832946777342555,0.17353351955297164,0.09501051424195818,0.13136563876640409,0.255570791909058
benign_benign_383.png,benign,oracle,Watershed,0.98291015624985,0.8450041516733393,0.7316079559052682,0.9140718562846885,0.7856407617066762
benign_benign_383.png,benign,oracle,Otsu,0.943664550781106,0.6653372008695927,0.49850584080345217,0.513574027427213,0.9444158517731744
benign_benign_383.png,benign,oracle,RegionGrowing,0.9724121093748517,0.6968477531846129,0.534740092638871,0.9999999999951877,0.534740092638871
benign_benign_383.png,benign,auto,Watershed,0.13717651367185407,0.12083709070553798,0.06430368016943601,0.06430368016943601,0.9999999999974267
benign_benign_383.png,benign,auto,Otsu,0.6309204101561537,0.2328575959403004,0.13177070246594214,0.13279554333666155,0.9446731857927312
benign_benign_383.png,benign,auto,RegionGrowing,0.8125610351561261,0.1558548653105031,0.08451334028910082,0.10631914494645947,0.2918167781773242
benign_benign_83.png,benign,oracle,Watershed,0.9891204833982866,0.5249833444335444,0.35591689249904324,0.9924433249120291,0.3568840579677819
benign_benign_83.png,benign,oracle,Otsu,0.9831390380857875,0.462809917353122,0.3010752688153,0.4994753410230905,0.43115942028594967
benign_benign_83.png,benign,oracle,RegionGrowing,0.986862182617037,0.3608017817345152,0.2201086956501802,0.9999999999588477,0.2201086956501802
benign_benign_83.png,benign,auto,Watershed,0.01684570312499743,0.03313325330131556,0.01684570312499743,0.01684570312499743,0.9999999999909421
benign_benign_83.png,benign,auto,Otsu,0.380157470703067,0.044817531978920994,0.022922429344552516,0.023005986867510864,0.8632246376733405
benign_benign_83.png,benign,auto,RegionGrowing,0.8981781005858005,0.001795063575165602,0.0008983380745607152,0.0010750761512254524,0.005434782608646425
malignant_malignant_33.png,malignant,oracle,Watershed,0.8113861083983137,0.6132473952627848,0.4422183114478398,0.5577371805813227,0.6810284920078659
malignant_malignant_33.png,malignant,oracle,Otsu,0.7991943359373781,0.6395902941335818,0.47014534766659816,0.5277978665700018,0.811466296038352
malignant_malignant_33.png,malignant,oracle,RegionGrowing,0.848373413085808,0.47264236055804665,0.3094510076439823,0.9999999999977544,0.3094510076439823
malignant_malignant_33.png,malignant,auto,Watershed,0.2195739746093415,0.3600830768460376,0.2195739746093415,0.2195739746093415,0.999999999999305
malignant_malignant_33.png,malignant,auto,Otsu,0.6629486083983364,0.5137687380306603,0.34568559495235474,0.3759786075581121,0.8109798471154892
malignant_malignant_33.png,malignant,auto,RegionGrowing,0.8548889160154945,0.5558565290488717,0.3849039518786722,0.8474793506111543,0.4135510771366132
benign_benign_409.png,benign,oracle,Watershed,0.36608886718744416,0.5359664015726325,0.36608886718744416,0.36608886718744416,0.9999999999995831
benign_benign_409.png,benign,oracle,Otsu,0.6420898437499021,0.5982736178665825,0.42681198377390484,0.5077916036746983,0.7279926642211036
benign_benign_409.png,benign,oracle,RegionGrowing,0.6359710693358405,0.38272659059732916,0.23664928166888405,0.5046053080435937,0.30826942314091854
benign_benign_409.png,benign,auto,Watershed,0.36608886718744416,0.5359664015726325,0.36608886718744416,0.36608886718744416,0.9999999999995831
benign_benign_409.png,benign,auto,Otsu,0.5722045898436627,0.5521548832304796,0.3813632251372755,0.4476301476300317,0.7203651217069355
benign_benign_409.png,benign,auto,RegionGrowing,0.6918029785155194,0.5287887271368681,0.35942405886259254,0.6005192878335096,0.4723657885960018
benign_benign_408.png,benign,oracle,Watershed,0.9450073242186059,0.6522578155146157,0.4839633447873941,0.620752984388208,0.687131530797546
benign_benign_408.png,benign,oracle,Otsu,0.9198760986326722,0.4943668753004387,0.32834484522853885,0.46963044273605997,0.5218540353719824
benign_benign_408.png,benign,oracle,RegionGrowing,0.9454040527342308,0.42843450479164785,0.27261638544364175,0.999999999992543,0.27261638544364175
benign_benign_408.png,benign,auto,Watershed,0.07505798339842605,0.1396352281597985,0.07505798339842605,0.07505798339842605,0.9999999999979671
benign_benign_408.png,benign,auto,Otsu,0.4800109863280518,0.14247609461496163,0.07670215936490377,0.08130151345450122,0.5755234803810215
benign_benign_408.png,benign,auto,RegionGrowing,0.7656555175780082,0.0,0.0,0.0,0.0
malignant_malignant_118.png,malignant,oracle,Watershed,0.9533233642576671,0.8253497002564514,0.7026343929224238,0.7302485350568496,0.948930024942958
malignant_malignant_118.png,malignant,oracle,Otsu,0.8797760009764283,0.6463168290161843,0.47745059026364406,0.4910641200542353,0.9451227517382892
malignant_malignant_118.png,malignant,oracle,RegionGrowing,0.9110565185545485,0.4598276341391346,0.29855595667834106,0.7816635160655903,0.3257187869235582
malignant_malignant_118.png,malignant,auto,Watershed,0.11622619628904476,0.20824846554478857,0.11622619628904476,0.11622619628904476,0.9999999999986872
malignant_malignant_118.png,malignant,auto,Otsu,0.5459747314452292,0.31261117656564036,0.18526327318523994,0.1896832071768462,0.888276224234097
malignant_malignant_118.png,malignant,auto,RegionGrowing,0.8396606445311219,0.28797940100265074,0.1682102430141944,0.29757737011581353,0.2789812262041762
normal_normal_27.png,normal,oracle,Watershed,1.0,1.0,1.0,1.0,1.0
normal_normal_27.png,normal,oracle,Otsu,1.0,1.0,1.0,1.0,1.0
normal_normal_27.png,normal,oracle,RegionGrowing,1.0,1.0,1.0,1.0,1.0
normal_normal_27.png,normal,auto,Watershed,0.0,0.0,0.0,0.0,0.0
normal_normal_27.png,normal,auto,Otsu,0.4669036865233663,0.0,0.0,0.0,0.0
normal_normal_27.png,normal,auto,RegionGrowing,0.8641815185545557,0.0,0.0,0.0,0.0
benign_benign_332.png,benign,oracle,Watershed,0.9974212646482854,0.8526591107161932,0.7431610942136297,0.9532163742504246,0.7712933753821563
benign_benign_332.png,benign,oracle,Otsu,0.9978179931639103,0.8759757155171208,0.7793209876422944,0.9730250481508087,0.7965299684416951
benign_benign_332.png,benign,oracle,RegionGrowing,0.9944305419920358,0.5957918050875327,0.424290220813497,0.9999999999628253,0.424290220813497
benign_benign_332.png,benign,auto,Watershed,0.009674072265623524,0.01916276258122727,0.009674072265623524,0.009674072265623524,0.9999999999842271
benign_benign_332.png,benign,auto,Otsu,0.3985900878905642,0.028876952643761673,0.014649999999996338,0.014667601121341944,0.9242902208056105
benign_benign_332.png,benign,auto,RegionGrowing,0.8955688476561133,0.0,0.0,0.0,0.0
malignant_malignant_112.png,malignant,oracle,Watershed,0.9861755371092246,0.6803105151705,0.5155080213876176,0.6313032089022181,0.7375669472017019
malignant_malignant_112.png,malignant,oracle,Otsu,0.9824523925779751,0.6316463805232811,0.4616104868892247,0.543250688702241,0.7543993879054752
malignant_malignant_112.png,malignant,oracle,RegionGrowing,0.9843139648435999,0.618411284333265,0.44760881246401074,0.6005767844224905,0.6373374139201429
malignant_malignant_112.png,malignant,auto,Watershed,0.019943237304684457,0.03910656314048755,0.019943237304684457,0.019943237304684457,0.999999999992349
malignant_malignant_112.png,malignant,auto,Otsu,0.4319915771483716,0.01825038900756435,0.009209230523539643,0.009450969680412607,0.26472838561388884
malignant_malignant_112.png,malignant,auto,RegionGrowing,0.8462066650389334,0.0,0.0,0.0,0.0
benign_benign_325.png,benign,oracle,Watershed,0.9982910156248477,0.9092382495874455,0.8335809806711206,0.9807692307520844,0.8474320241563832
benign_benign_325.png,benign,oracle,Otsu,0.989685058593599,0.6589303733569176,0.49134687734769494,0.494696969693222,0.9864048338219576
benign_benign_325.png,benign,oracle,RegionGrowing,0.993362426757661,0.6291560102248155,0.45895522387488863,0.7221135029212894,0.5574018126804018
benign_benign_325.png,benign,auto,Watershed,0.406494140624938,0.0,0.0,0.0,0.0
benign_benign_325.png,benign,auto,Otsu,0.623168945312405,0.03606557377047773,0.018363939899825755,0.0185110986457174,0.6978851963640803
benign_benign_325.png,benign,auto,RegionGrowing,0.8890228271483018,0.0,0.0,0.0,0.0
malignant_malignant_70.png,malignant,oracle,Watershed,0.9887237548826616,0.8829028680068406,0.7903546099268359,0.9653499653466204,0.8134306569319316
malignant_malignant_70.png,malignant,oracle,Otsu,0.9654541015623527,0.7104859335029278,0.5509718365716958,0.6320819112613605,0.8110948905085807
malignant_malignant_70.png,malignant,oracle,RegionGrowing,0.9609680175779785,0.4040074557306524,0.25313868613064777,0.999999999988466,0.25313868613064777
malignant_malignant_70.png,malignant,auto,Watershed,0.05226135253905453,0.09933150621364259,0.05226135253905453,0.05226135253905453,0.9999999999970803
malignant_malignant_70.png,malignant,auto,Otsu,0.5068664550780477,0.11199648293671705,0.05932006054253717,0.0618156449998296,0.5950364963486277
malignant_malignant_70.png,malignant,auto,RegionGrowing,0.8486328124998705,0.18232772832164332,0.10030836205323751,0.12702423337529914,0.32291970802825426
benign_benign_378.png,benign,oracle,Watershed,0.9939422607420358,0.8924410728775605,0.8057729941252164,0.9885954381693363,0.8133333333293169
benign_benign_378.png,benign,oracle,Otsu,0.9784240722654758,0.7141124140705336,0.5553459119479391,0.6045874700424355,0.8720987654277922
benign_benign_378.png,benign,oracle,RegionGrowing,0.9723052978514142,0.18791946308640753,0.1037037037031916,0.9999999999523809,0.1037037037031916
benign_benign_378.png,benign,auto,Watershed,0.030899047851557785,0.05994582673434971,0.030899047851557785,0.030899047851557785,0.9999999999950617
benign_benign_378.png,benign,auto,Otsu,0.36010742187494504,0.07134948403382095,0.036994511677030106,0.03734959311894898,0.7955555555516269
benign_benign_378.png,benign,auto,RegionGrowing,0.9620513916014157,0.0,0.0,0.0,0.0
benign_benign_92.png,benign,oracle,Watershed,0.976593017577976,0.7769051774276078,0.6351961950044347,0.9951564828576932,0.6371660305328312
benign_benign_92.png,benign,oracle,Otsu,0.9652709960936028,0.7027168234055607,0.541683447441519,0.7765588914527236,0.641698473280912
benign_benign_92.png,benign,oracle,RegionGrowing,0.9455261230467308,0.2584129621930652,0.14837786259506588,0.9999999999839229,0.14837786259506588
benign_benign_92.png,benign,auto,Watershed,0.06396484374999024,0.12023864157868859,0.06396484374999024,0.06396484374999024,0.9999999999976146
benign_benign_92.png,benign,auto,Otsu,0.5722198486327252,0.2007127583748537,0.11155125970524114,0.11397856425861672,0.8396946564865465
benign_benign_92.png,benign,auto,RegionGrowing,0.9304962158201705,0.0,0.0,0.0,0.0
normal_normal_92.png,normal,oracle,Watershed,1.0,1.0,1.0,1.0,1.0
normal_normal_92.png,normal,oracle,Otsu,1.0,1.0,1.0,1.0,1.0
normal_normal_92.png,normal,oracle,RegionGrowing,1.0,1.0,1.0,1.0,1.0
normal_normal_92.png,normal,auto,Watershed,0.0,0.0,0.0,0.0,0.0
normal_normal_92.png,normal,auto,Otsu,0.35438537597650843,0.0,0.0,0.0,0.0
normal_normal_92.png,normal,auto,RegionGrowing,0.8570861816404942,0.0,0.0,0.0,0.0
benign_benign_249.png,benign,oracle,Watershed,0.9850463867185998,0.8509732360084383,0.7406034939101626,0.8407451923051661,0.8614532019677911
benign_benign_249.png,benign,oracle,Otsu,0.9492187499998552,0.5937499999992751,0.4222222222214892,0.49190938511227367,0.7487684729040986
benign_benign_249.png,benign,oracle,RegionGrowing,0.9526214599607922,0.550586191922781,0.37986818454088306,0.5195301830086875,0.5855911330031232
benign_benign_249.png,benign,auto,Watershed,0.04956054687499244,0.09444056757384066,0.04956054687499244,0.04956054687499244,0.9999999999969212
benign_benign_249.png,benign,auto,Otsu,0.45199584960930606,0.023173584289826698,0.0117226197028036,0.012709588877614206,0.1311576354675765
benign_benign_249.png,benign,auto,RegionGrowing,0.9372711181639195,0.0,0.0,0.0,0.0
normal_normal_30.png,normal,oracle,Watershed,1.0,1.0,1.0,1.0,1.0
normal_normal_30.png,normal,oracle,Otsu,1.0,1.0,1.0,1.0,1.0
normal_normal_30.png,normal,oracle,RegionGrowing,1.0,1.0,1.0,1.0,1.0
normal_normal_30.png,normal,auto,Watershed,0.20819091796871825,0.0,0.0,0.0,0.0
normal_normal_30.png,normal,auto,Otsu,0.551177978515541,0.0,0.0,0.0,0.0
normal_normal_30.png,normal,auto,RegionGrowing,0.8509216308592452,0.0,0.0,0.0,0.0
malignant_malignant_41.png,malignant,oracle,Watershed,0.9751129150389137,0.8485186217137098,0.7368930472644993,0.9596638655442024,0.7604461461615442
malignant_malignant_41.png,malignant,oracle,Otsu,0.8680114746092426,0.401880791038306,0.25147109726527217,0.3437019515075769,0.48376893624024675
malignant_malignant_41.png,malignant,oracle,RegionGrowing,0.915023803710798,0.13591931730002185,0.07291493257853685,0.9999999999771689,0.07291493257853685
malignant_malignant_41.png,malignant,auto,Watershed,0.09165954589842351,0.16792698097645223,0.09165954589842351,0.09165954589842351,0.9999999999983353
malignant_malignant_41.png,malignant,auto,Otsu,0.39704895019525194,0.09516612855210663,0.049960329863186125,0.05517204757857499,0.34592974862602643
malignant_malignant_41.png,malignant,auto,RegionGrowing,0.900711059570175,0.0,0.0,0.0,0.0
benign_benign_148.png,benign,oracle,Watershed,0.9950561523435982,0.9400222139930766,0.886831994408359,0.9837272375010317,0.9000354484193548
benign_benign_148.png,benign,oracle,Otsu,0.9906463623045364,0.8934098417650959,0.8073538654908632,0.8767918088707277,0.9106699751828761
benign_benign_148.png,benign,oracle,RegionGrowing,0.9866333007810995,0.8161980696583798,0.6894718185016325,0.9999999999948587,0.6894718185016325
benign_benign_148.png,benign,auto,Watershed,0.043045043945305936,0.08253726758048444,0.043045043945305936,0.043045043945305936,0.9999999999964552
benign_benign_148.png,benign,auto,Otsu,0.4705963134764907,0.13670407325384143,0.07336680732864875,0.07351209591092017,0.9737681673131026
benign_benign_148.png,benign,auto,RegionGrowing,0.910980224609236,0.0,0.0,0.0,0.0
malignant_malignant_189.png,malignant,oracle,Watershed,0.9940490722654733,0.7955974842725598,0.660574412526888,0.9014251781365626,0.7120075046837523
malignant_malignant_189.png,malignant,oracle,Otsu,0.9904327392576614,0.7388588088265771,0.5858652575919032,0.6644194756504539,0.8320825515869411
malignant_malignant_189.png,malignant,oracle,RegionGrowing,0.9904022216795364,0.5815036593441019,0.409943714817918,0.9999999999771166,0.409943714817918
malignant_malignant_189.png,malignant,auto,Watershed,0.01626586914062252,0.032011050719192816,0.01626586914062252,0.01626586914062252,0.9999999999906193
malignant_malignant_189.png,malignant,auto,Otsu,0.2912292480468306,0.03945572604325252,0.020124883976031533,0.020172545039325855,0.8949343339503291
malignant_malignant_189.png,malignant,auto,RegionGrowing,0.9616088867186033,0.0,0.0,0.0,0.0
normal_normal_22.png,normal,oracle,Watershed,1.0,1.0,1.0,1.0,1.0
normal_normal_22.png,normal,oracle,Otsu,1.0,1.0,1.0,1.0,1.0
normal_normal_22.png,normal,oracle,RegionGrowing,1.0,1.0,1.0,1.0,1.0
normal_normal_22.png,normal,auto,Watershed,0.19586181640622014,0.0,0.0,0.0,0.0
normal_normal_22.png,normal,auto,Otsu,0.579910278320224,0.0,0.0,0.0,0.0
normal_normal_22.png,normal,auto,RegionGrowing,0.8063201904295645,0.0,0.0,0.0,0.0
benign_benign_194.png,benign,oracle,Watershed,0.9822082519529751,0.659064327483453,0.4914958569538095,0.7931034482702808,0.5637818909426524
benign_benign_194.png,benign,oracle,Otsu,0.9820251464842252,0.7331218849099839,0.5786838340465712,0.6699792960634784,0.8094047023471266
benign_benign_194.png,benign,oracle,RegionGrowing,0.9706115722654769,0.07046332046298039,0.0365182591293821,0.9999999998630138,0.0365182591293821
benign_benign_194.png,benign,auto,Watershed,0.09408569335936065,0.06309178134072985,0.032573449135551734,0.032573449135551734,0.9999999999949976
benign_benign_194.png,benign,auto,Otsu,0.5682220458983508,0.0776426871801305,0.04038931090611761,0.041527196652705184,0.5957978989464943
benign_benign_194.png,benign,auto,RegionGrowing,0.911254882812361,0.0,0.0,0.0,0.0
malignant_malignant_87.png,malignant,oracle,Watershed,0.9842987060545374,0.9231688195319023,0.8573013451659169,0.9897534422014254,0.8649783125774941
malignant_malignant_87.png,malignant,oracle,Otsu,0.9479675292967303,0.7846406467091166,0.6456038245680257,0.715091516057655,0.8691758779895492
malignant_malignant_87.png,malignant,oracle,RegionGrowing,0.9289245605467333,0.5169052063881799,0.3485314685309811,0.9987975951863776,0.3486777668947129
malignant_malignant_87.png,malignant,auto,Watershed,0.10168457031248448,0.012744834987923809,0.006413285627488286,0.007240163856338528,0.053169161886031664
malignant_malignant_87.png,malignant,auto,Otsu,0.47903442382805195,0.10683827761206854,0.05643378288744848,0.06570352971457714,0.28571428571388596
malignant_malignant_87.png,malignant,auto,RegionGrowing,0.5749359130858498,0.0,0.0,0.0,0.0
normal_normal_46.png,normal,oracle,Watershed,1.0,1.0,1.0,1.0,1.0
normal_normal_46.png,normal,oracle,Otsu,1.0,1.0,1.0,1.0,1.0
normal_normal_46.png,normal,oracle,RegionGrowing,1.0,1.0,1.0,1.0,1.0
normal_normal_46.png,normal,auto,Watershed,0.0,0.0,0.0,0.0,0.0
normal_normal_46.png,normal,auto,Otsu,0.5233306884764827,0.0,0.0,0.0,0.0
normal_normal_46.png,normal,auto,RegionGrowing,0.9792633056639131,0.0,0.0,0.0,0.0
malignant_malignant_97.png,malignant,oracle,Watershed,0.8633575439451808,0.677610973107003,0.5124142437109265,0.5936790310367186,0.7891823899364451
malignant_malignant_97.png,malignant,oracle,Otsu,0.7618713378905088,0.4604480708060917,0.2990792724004945,0.3917289252306655,0.5584067085949196
malignant_malignant_97.png,malignant,oracle,RegionGrowing,0.8098449707030014,0.14503293084512553,0.07818625637985192,0.3987174651060026,0.08863731656177053
malignant_malignant_97.png,malignant,auto,Watershed,0.33970642089838565,0.15911078292295933,0.08643148183332565,0.10355119384861809,0.3433123689724584
malignant_malignant_97.png,malignant,auto,Otsu,0.5359497070311683,0.1251366434612148,0.0667444072789558,0.0952401804089437,0.1823899371067653
malignant_malignant_97.png,malignant,auto,RegionGrowing,0.7373809814452,0.0,0.0,0.0,0.0
benign_benign_163.png,benign,oracle,Watershed,0.993545532226411,0.5407166123719792,0.3705357142802004,0.9726562499620056,0.3744360902199333
benign_benign_163.png,benign,oracle,Otsu,0.9878387451170368,0.4469118667560936,0.2877569258240594,0.41494845360290017,0.4842105263085081
benign_benign_163.png,benign,oracle,RegionGrowing,0.9928436279295361,0.4806201550334372,0.3163265306076337,0.9117647058440435,0.3263157894687772
benign_benign_163.png,benign,auto,Watershed,0.22515869140621567,0.023724381897176967,0.012004591707684885,0.01201581335566184,0.9278195488582283
benign_benign_163.png,benign,auto,Otsu,0.5503540039061661,0.04131693669072766,0.021094243098687473,0.02111528613705945,0.9548872180307536
benign_benign_163.png,benign,auto,RegionGrowing,0.8506011962889327,0.0,0.0,0.0,0.0
benign_benign_381.png,benign,oracle,Watershed,0.9911041259764113,0.9359270249467678,0.879570336705475,0.997189695548016,0.8817560571528644
benign_benign_381.png,benign,oracle,Otsu,0.9404296874998566,0.644703312704182,0.4756916465209835,0.5750933593106429,0.733485193620349
benign_benign_381.png,benign,oracle,RegionGrowing,0.9454345703123558,0.4322006986338009,0.2756734859220667,0.9264805990406639,0.281838890038762
benign_benign_381.png,benign,auto,Watershed,0.5111999511717971,0.23165115609703743,0.13099856224394896,0.13099856224394896,0.9999999999979292
benign_benign_381.png,benign,auto,Otsu,0.7605438232420715,0.35923400432797387,0.21894286283086853,0.22373105482645522,0.9109546489937649
benign_benign_381.png,benign,auto,RegionGrowing,0.8966827392576757,0.3011662710286911,0.1772782503035513,0.3002057613162547,0.30213294677924596
benign_benign_422.png,benign,oracle,Watershed,0.5870361328124104,0.4698323146841268,0.3070462925029939,0.3074871794871007,0.9953519256299839
benign_benign_422.png,benign,oracle,Otsu,0.7263793945311392,0.5148268398267005,0.34664431975502924,0.3819043031469244,0.7896746347935012
benign_benign_422.png,benign,oracle,RegionGrowing,0.8662872314451804,0.5152939874990236,0.3470680277174971,0.772342895041001,0.38662018592265385
benign_benign_422.png,benign,auto,Watershed,0.18383789062497197,0.31057950092798636,0.18383789062497197,0.18383789062497197,0.9999999999991699
benign_benign_422.png,benign,auto,Otsu,0.5139160156249216,0.4130090289293509,0.2602466154238534,0.26543034437017066,0.930195883133358
benign_benign_422.png,benign,auto,RegionGrowing,0.6341857910155283,0.21535641814485326,0.12067194835676325,0.17778017940117918,0.27307436918968037
malignant_malignant_140.png,malignant,oracle,Watershed,0.9232635498045466,0.7333651450078291,0.5789870238588706,0.6153572381879033,0.9073733928090956
malignant_malignant_140.png,malignant,oracle,Otsu,0.8912811279295515,0.6372014868370909,0.4675683754293322,0.5206790380290249,0.8209131461547876
malignant_malignant_140.png,malignant,oracle,RegionGrowing,0.9144134521482981,0.41785158277071316,0.2641039097346312,0.9999999999950323,0.2641039097346312
malignant_malignant_140.png,malignant,auto,Watershed,0.16659545898434958,0.21397115965802982,0.11980274608391031,0.12016681753521917,0.9753345578575501
malignant_malignant_140.png,malignant,auto,Otsu,0.45182800292961856,0.1776353439395267,0.0974751915588249,0.10758949615946883,0.509052742061783
malignant_malignant_140.png,malignant,auto,RegionGrowing,0.597015380859284,0.0,0.0,0.0,0.0
normal_normal_123.png,normal,oracle,Watershed,1.0,1.0,1.0,1.0,1.0
normal_normal_123.png,normal,oracle,Otsu,1.0,1.0,1.0,1.0,1.0
normal_normal_123.png,normal,oracle,RegionGrowing,1.0,1.0,1.0,1.0,1.0
normal_normal_123.png,normal,auto,Watershed,0.0,0.0,0.0,0.0,0.0
normal_normal_123.png,normal,auto,Otsu,0.3879699707030658,0.0,0.0,0.0,0.0
normal_normal_123.png,normal,auto,RegionGrowing,0.9046478271482995,0.0,0.0,0.0,0.0
benign_benign_372.png,benign,oracle,Watershed,0.9860076904295371,0.8993745199156157,0.8171485543353596,0.9929731039471942,0.8219013237047295
benign_benign_372.png,benign,oracle,Otsu,0.9359893798826697,0.6645341863249383,0.4976047904185657,0.5526000797971106,0.833333333331662
benign_benign_372.png,benign,oracle,RegionGrowing,0.9362182617186072,0.2800551153973819,0.1628279591424738,0.9914634146220553,0.16305655836309055
benign_benign_372.png,benign,auto,Watershed,0.435867309570246,0.16939632899728846,0.09253577477231965,0.09538266919668682,0.7561171279567668
benign_benign_372.png,benign,auto,Otsu,0.5804748535155364,0.15869033047730763,0.08618340146904438,0.09363038925395623,0.5200561572392297
benign_benign_372.png,benign,auto,RegionGrowing,0.910888671874861,0.0,0.0,0.0,0.0
malignant_malignant_124.png,malignant,oracle,Watershed,0.6638946533202112,0.49207923075137966,0.3263296326879144,0.32900619777363355,0.9756766642273448
malignant_malignant_124.png,malignant,oracle,Otsu,0.8399353027342469,0.5908097987203188,0.4192548303158837,0.5151700680268604,0.6924835405992205
malignant_malignant_124.png,malignant,oracle,RegionGrowing,0.8228759765623744,0.4500663255635541,0.2903777967964969,0.46696814785640284,0.4343452816382275
malignant_malignant_124.png,malignant,auto,Watershed,0.16687011718747455,0.28601318129507713,0.16687011718747455,0.16687011718747455,0.9999999999990855
malignant_malignant_124.png,malignant,auto,Otsu,0.5717773437499127,0.3590938156571757,0.21883872404380705,0.23931571898202872,0.7189100219452095
malignant_malignant_124.png,malignant,auto,RegionGrowing,0.6964569091795813,0.29554870923180865,0.1733981550734757,0.24117205108926706,0.38158376005817335
benign_benign_99.png,benign,oracle,Watershed,0.9915313720701613,0.8949460533770681,0.8098663925974311,0.9524576954030924,0.8439842913215139
benign_benign_99.png,benign,oracle,Otsu,0.9857330322264122,0.8427778711941436,0.7282766637584183,0.7965670692918101,0.8946804712570701
benign_benign_99.png,benign,oracle,RegionGrowing,0.9812316894529753,0.7186642268968009,0.5608711174560483,0.9999999999936346,0.5608711174560483
benign_benign_99.png,benign,auto,Watershed,0.04273986816405598,0.08197608908789061,0.04273986816405598,0.04273986816405598,0.9999999999964299
benign_benign_99.png,benign,auto,Otsu,0.46513366699211656,0.1328451624075074,0.07114844453864246,0.07136781670297397,0.9585862192040037
benign_benign_99.png,benign,auto,RegionGrowing,0.799499511718628,0.016025161000437303,0.008077300520866552,0.0101392968823935,0.03820064262749661
benign_benign_270.png,benign,oracle,Watershed,0.9858093261717246,0.7305909617591814,0.5755362847988337,0.6368686868654704,0.8566576086898325
benign_benign_270.png,benign,oracle,Otsu,0.9815979003904752,0.6724606192268537,0.5065466448424446,0.5601809954725784,0.8410326086899387
benign_benign_270.png,benign,oracle,RegionGrowing,0.9770660400389135,0.33934065933916774,0.2043409211212052,0.48069738480098756,0.2622282608677838
benign_benign_270.png,benign,auto,Watershed,0.3846130371093163,0.0035085985372594612,0.0017573822430133519,0.0018205128205123538,0.048233695651846244
benign_benign_270.png,benign,auto,Otsu,0.6275634765624043,0.0,0.0,0.0,0.0
benign_benign_270.png,benign,auto,RegionGrowing,0.9150085449217354,0.0,0.0,0.0,0.0
